ID,Affiliate_segment,Afiiliate_Username,Tier,KAM Lead,KAM
177778397,Content | TE & HE,afiliadosml,Bronze,Thales Rimoli,Alexandre Garcia
1468622524,Content | TE & HE,Guilherme,Bronze,Thales Rimoli,Alexandre Garcia
223065571,Content | TE & HE,deivisonreis,Bronze,Thales Rimoli,Alexandre Garcia
2070420611,Content | TE & HE,erick7link,Bronze,Thales Rimoli,Alexandre Garcia
293046454,Content | TE & HE,lira9466022,Bronze,Thales Rimoli,Alexandre Garcia
488170189,Content | TE & HE,lopes099,Bronze,Thales Rimoli,Alexandre Garcia
183084677,Content | TE & HE,lippeofertas,Bronze,Thales Rimoli,Alexandre Garcia
1297399555,Content | TE & HE,silva0012,Bronze,Thales Rimoli,Alexandre Garcia
1293477138,Content | TE & HE,wplima1,Bronze,Thales Rimoli,Alexandre Garcia
167650333,Content | TE & HE,alishow,Bronze,Thales Rimoli,Alexandre Garcia
435328576,Content | TE & HE,thalera,Bronze,Thales Rimoli,Alexandre Garcia
1856859073,Content | TE & HE,cm20240614143136,Bronze,Thales Rimoli,Alexandre Garcia
615723245,Content | TE & HE,memorycard8mb,Bronze,Thales Rimoli,Alexandre Garcia
1661960926,Content | TE & HE,ezhardwarebrasil,Bronze,Thales Rimoli,Alexandre Garcia
2086780678,Content | TE & HE,dicasja,Bronze,Thales Rimoli,Alexandre Garcia
1803568980,Content | TE & HE,gianlucabc,Bronze,Thales Rimoli,Alexandre Garcia
1316590351,Content | TE & HE,betech,Bronze,Thales Rimoli,Alexandre Garcia
8467064,Content | TE & HE,descontogamer,Bronze,Thales Rimoli,Alexandre Garcia
172902052,Content | TE & HE,ltech,Bronze,Thales Rimoli,Alexandre Garcia
1326519654,Content | TE & HE,meupcnet,Bronze,Thales Rimoli,Alexandre Garcia
200949990,Content | TE & HE,gagi8344107,Bronze,Thales Rimoli,Alexandre Garcia
75387792,Content | TE & HE,leonardodrummond,Bronze,Thales Rimoli,Alexandre Garcia
241645688,Content | TE & HE,canaldigplay,Bronze,Thales Rimoli,Alexandre Garcia
1389303807,Content | TE & HE,hadesplays,Bronze,Thales Rimoli,Alexandre Garcia
690775790,Content | TE & HE,guicasainteligente,Bronze,Thales Rimoli,Alexandre Garcia
2950832623,Content | TE & HE,AO20251027154024,Bronze,Thales Rimoli,Alexandre Garcia
172632957,Content | TE & HE,61 658 277 FELIPE SOARES LOURE,Bronze,Thales Rimoli,Alexandre Garcia
83215915,Content | TE & HE,comoclube,Bronze,Thales Rimoli,Alexandre Garcia
307427045,Content | TE & HE,sacempresarialmorpheus,Bronze,Thales Rimoli,Alexandre Garcia
2907265272,Content | TE & HE,gq20251005181240,Bronze,Thales Rimoli,Alexandre Garcia
770450283,Content | TE & HE,senhorlinguica,Bronze,Thales Rimoli,Alexandre Garcia
294107410,Content | TE & HE,baptistapromos,Bronze,Thales Rimoli,Alexandre Garcia
1987552500,Content | TE & HE,garagemdoinventor,Bronze,Thales Rimoli,Alexandre Garcia
553485627,Content | TE & HE,nasa5361421,Bronze,Thales Rimoli,Alexandre Garcia
275994614,Content | TE & HE,motoshartmann,Bronze,Thales Rimoli,Alexandre Garcia
2018286552,Content | TE & HE,lr20241002154517,Bronze,Thales Rimoli,Alexandre Garcia
2227174979,Content | TE & HE,es20250123132717,Bronze,Thales Rimoli,Alexandre Garcia
93608612,Content | TE & HE,valeuadica,Bronze,Thales Rimoli,Alexandre Garcia
2944716707,Content | TE & HE,descomplicaconosco,Bronze,Thales Rimoli,Alexandre Garcia
1864837598,Content | TE & HE,lphoffmann,Bronze,Thales Rimoli,Alexandre Garcia
1764923140,Content | TE & HE,italocanellayt,Bronze,Thales Rimoli,Alexandre Garcia
2434968281,Content | TE & HE,corujaofertas,Bronze,Thales Rimoli,Alexandre Garcia
199937377,Content | TE & HE,reviews_curtinhas,Bronze,Thales Rimoli,Alexandre Garcia
1639459856,Content | TE & HE,huvi20240114214038,Bronze,Thales Rimoli,Alexandre Garcia
554844620,Content | TE & HE,AbraÃƒÂ£o,Bronze,Thales Rimoli,Alexandre Garcia
480209739,Content | TE & HE,roca219547,Bronze,Thales Rimoli,Alexandre Garcia
1539409111,Content | TE & HE,promopcs,Bronze,Thales Rimoli,Alexandre Garcia
628957878,Content | TE & HE,ninjarecomenda,Bronze,Thales Rimoli,Alexandre Garcia
1288325538,Content | TE & HE,canaljms,Bronze,Thales Rimoli,Alexandre Garcia
156249774,Content | TE & HE,comprafacilesegura,Bronze,Thales Rimoli,Alexandre Garcia
2526989064,Content | TE & HE,eudeseudes20230911142827,Bronze,Thales Rimoli,Alexandre Garcia
147294155,Content | TE & HE,leandroimports,Bronze,Thales Rimoli,Alexandre Garcia
2378704472,Content | TE & HE,resenhasdoheitor,Bronze,Thales Rimoli,Alexandre Garcia
2284013461,Content | TE & HE,Maria Joselma da Silva Souza,Bronze,Thales Rimoli,Alexandre Garcia
807123036,Content | TE & HE,ofertastech26,Bronze,Thales Rimoli,Alexandre Garcia
1485911737,Content | TE & HE,tecnoinfo,Bronze,Thales Rimoli,Alexandre Garcia
1359646788,Content | TE & HE,marcustech,Bronze,Thales Rimoli,Alexandre Garcia
146098112,Content | TE & HE,ermesondiego,Bronze,Thales Rimoli,Alexandre Garcia
1263659690,Content | TE & HE,gabrieldepinho,Bronze,Thales Rimoli,Alexandre Garcia
2110862714,Content | TE & HE,cupomorg,Bronze,Thales Rimoli,Alexandre Garcia
1435379477,Content | TE & HE,ofertasbrasil,Bronze,Thales Rimoli,Alexandre Garcia
2687485620,Content | TE & HE,f20250911170728,Bronze,Thales Rimoli,Alexandre Garcia
472977261,Content | TE & HE,siga3918026,Bronze,Thales Rimoli,Alexandre Garcia
825449869,Content | TE & HE,lara,Bronze,Thales Rimoli,Alexandre Garcia
3470857,Content | TE & HE,aprendemosjuntos,Bronze,Thales Rimoli,Alexandre Garcia
473569671,Content | TE & HE,loukosportech,Bronze,Thales Rimoli,Alexandre Garcia
202823323,Content | TE & HE,brunamota,Bronze,Thales Rimoli,Alexandre Garcia
2056840000,Content | TE & HE,sosofertasdainternet,Bronze,Thales Rimoli,Alexandre Garcia
1385148205,Content | TE & HE,afgg,Bronze,Thales Rimoli,Alexandre Garcia
2954395431,Content | TE & HE,JORDIREIS,Bronze,Thales Rimoli,Alexandre Garcia
1426600144,Content | TE & HE,pedrodebrito,Silver,Thales Rimoli,Alexandre Garcia
238429732,Content | TE & HE,eumathvsl,Silver,Thales Rimoli,Alexandre Garcia
1441090684,Content | TE & HE,xaviertech,Silver,Thales Rimoli,Alexandre Garcia
192874049,Content | TE & HE,guigatech,Silver,Thales Rimoli,Alexandre Garcia
623373248,Content | TE & HE,eumarkim,Silver,Thales Rimoli,Alexandre Garcia
628036387,Content | TE & HE,fiaspo,Silver,Thales Rimoli,Alexandre Garcia
1463706675,Content | TE & HE,Economister,Silver,Thales Rimoli,Alexandre Garcia
1389194151,Content | TE & HE,iurindica,Silver,Thales Rimoli,Alexandre Garcia
181819375,Content | TE & HE,tecnoart,Silver,Thales Rimoli,Alexandre Garcia
1110297688,Content | TE & HE,setuphumilde,Silver,Thales Rimoli,Alexandre Garcia
307934370,Content | TE & HE,kleberkb,Silver,Thales Rimoli,Alexandre Garcia
1951744105,Content | TE & HE,poison,Silver,Thales Rimoli,Alexandre Garcia
129155745,Content | TE & HE,Camila,Bronze,Thales Rimoli,Alexandre Garcia
3378770,Content | TE & HE,shopmais,Bronze,Thales Rimoli,Alexandre Garcia
269789297,Content | TE & HE,mozuka,Bronze,Thales Rimoli,Alexandre Garcia
220392765,Content | TE & HE,reneparaiso,Bronze,Thales Rimoli,Alexandre Garcia
202938526,Content | TE & HE,girouchegou,Bronze,Thales Rimoli,Alexandre Garcia
1850405221,Content | TE & HE,gldabxd,Bronze,Thales Rimoli,Alexandre Garcia
71485757,Content | TE & HE,ricardohirano,Bronze,Thales Rimoli,Alexandre Garcia
1436446356,Content | TE & HE,viniciusvinicius20230728234646,Bronze,Thales Rimoli,Alexandre Garcia
208517012,Content | TE & HE,canalrcs,Bronze,Thales Rimoli,Alexandre Garcia
148547694,Content | TE & HE,smart.imagens,Bronze,Thales Rimoli,Alexandre Garcia
415440075,Content | TE & HE,vips.shopp,Bronze,Thales Rimoli,Alexandre Garcia
107916024,Content | TE & HE,jordi.tech,Bronze,Thales Rimoli,Alexandre Garcia
127813707,Content | TE & HE,maurilho_tech,Bronze,Thales Rimoli,Alexandre Garcia
246496843,Content | TE & HE,renatoberna70,Bronze,Thales Rimoli,Alexandre Garcia
178915286,Content | TE & HE,erislene_sousa,Bronze,Thales Rimoli,Alexandre Garcia
65781822,Content | TE & HE,rafinhageekantenado,Bronze,Thales Rimoli,Alexandre Garcia
2389628095,Content | Cross,ofcprominho,Gold,Thales Rimoli,Carli Vasconcelos
1114585317,Content | Cross,bench promos,Gold,Thales Rimoli,Carli Vasconcelos
1473563772,Content | Cross,urubupromo,Gold,Thales Rimoli,Carli Vasconcelos
1514602500,Content | Cross,recomendou,Gold,Thales Rimoli,Carli Vasconcelos
2479047723,Content | Cross,admtokkyo,Gold,Thales Rimoli,Carli Vasconcelos
1427325193,Content | Cross,tabaratasso,Gold,Thales Rimoli,Carli Vasconcelos
330532268,Content | Cross,achadosempromo,Gold,Thales Rimoli,Carli Vasconcelos
1450808630,Content | Cross,agenciarice,Gold,Thales Rimoli,Carli Vasconcelos
2547105073,Content | Cross,gabigarimpayoutube,Gold,Thales Rimoli,Carli Vasconcelos
1426808500,Content | Cross,promoimperdivel,Gold,Thales Rimoli,Carli Vasconcelos
15665498,Content | Cross,kotas,Gold,Thales Rimoli,Carli Vasconcelos
322502351,Content | Cross,desconto,Gold,Thales Rimoli,Carli Vasconcelos
1446287023,Content | Cross,garimpeiofertas,Gold,Thales Rimoli,Carli Vasconcelos
1461583629,Content | Cross,tempromo,Gold,Thales Rimoli,Carli Vasconcelos
2204331964,Content | Cross,tralha,Gold,Thales Rimoli,Carli Vasconcelos
263391604,Content | Cross,so_promocoesdodia,Gold,Thales Rimoli,Carli Vasconcelos
1434918733,Content | Cross,babypromokids,Gold,Thales Rimoli,Carli Vasconcelos
1469910364,Content | Cross,clubedopresidente,Gold,Thales Rimoli,Carli Vasconcelos
1082097965,Content | Cross,Promobyte,Gold,Thales Rimoli,Carli Vasconcelos
2345017244,Content | Cross,promosinc,Gold,Thales Rimoli,Carli Vasconcelos
1424070748,Content | Cross,lapromotion,Gold,Thales Rimoli,Carli Vasconcelos
150242200,Content | Cross,preguicaofertas,Gold,Thales Rimoli,Carli Vasconcelos
2952440854,Content | Cross,pobredasofertas,Gold,Thales Rimoli,Carli Vasconcelos
1420365380,Content | Cross,pincei,Gold,Thales Rimoli,Carli Vasconcelos
1478114661,Content | Cross,peguepromo,Gold,Thales Rimoli,Carli Vasconcelos
314331166,Content | Cross,ofertasrelampago,Gold,Thales Rimoli,Carli Vasconcelos
2569994453,Content | Cross,OLHADAPROMOS,Gold,Thales Rimoli,Carli Vasconcelos
521944421,Content | Lifestyle,sopromosoriginais,Gold,Caroline Marion,Caroline Marion
447087158,Content | Lifestyle,achadosoriginais,Gold,Caroline Marion,Caroline Marion
441877091,Content | Lifestyle,achadosdovitrine,Gold,Caroline Marion,Caroline Marion
301138223,Content | Lifestyle,timedeofertasofc,Gold,Caroline Marion,Caroline Marion
16101052,Content | Lifestyle,gabrielvieira4,Gold,Caroline Marion,Caroline Marion
1890134964,Content | Lifestyle,promodeamiga,Gold,Caroline Marion,Caroline Marion
1803140827,Content | Lifestyle,tenisofertas,Gold,Caroline Marion,Caroline Marion
1487189700,Content | Lifestyle,rafaellyrafaelly20230921082818,Gold,Caroline Marion,Caroline Marion
1299080285,Content | Lifestyle,achadinhosimperdivei,Gold,Caroline Marion,Caroline Marion
1815084683,Content | Lifestyle,eipromodelas,Gold,Caroline Marion,Caroline Marion
2908237301,Content | Lifestyle,tp20251006084353,Silver,Caroline Marion,Gabriela Oliveira
2671243577,Content | Lifestyle,giuliaperfume,Silver,Caroline Marion,Gabriela Oliveira
2651081363,Content | Lifestyle,Lorenzo Maeno,Silver,Caroline Marion,Gabriela Oliveira
2647474623,Content | Lifestyle,home,Silver,Caroline Marion,Gabriela Oliveira
454115966,Content | Lifestyle,mavi_cavalcante,Silver,Caroline Marion,Gabriela Oliveira
223570809,Content | Lifestyle,taldedescontinho,Silver,Caroline Marion,Gabriela Oliveira
2226978285,Content | Lifestyle,mp20250123112558,Silver,Caroline Marion,Gabriela Oliveira
2540945911,Content | Lifestyle,dimas,Silver,Caroline Marion,Gabriela Oliveira
2651119467,Content | Lifestyle,t20250827223718,Silver,Caroline Marion,Gabriela Oliveira
127417620,Content | Lifestyle,ACHOU BARATO LTDA,Silver,Caroline Marion,Gabriela Oliveira
250081476,Content | Lifestyle,lela1909003,Silver,Caroline Marion,Gabriela Oliveira
2159634895,Content | Lifestyle,grupopromo,Bronze,Caroline Marion,Gabriela Oliveira
664433238,Content | Lifestyle,jbcomercioeconfeccoesltda,Bronze,Caroline Marion,Gabriela Oliveira
670605565,Content | Lifestyle,marinasmith,Bronze,Caroline Marion,Gabriela Oliveira
1461003474,Content | Lifestyle,PROMOLOUCAS LTDA PROMOLOUCAS LTDA,Bronze,Caroline Marion,Gabriela Oliveira
144342229,Content | Lifestyle,jessicamoraes756,Bronze,Caroline Marion,Gabriela Oliveira
216061197,Content | Lifestyle,Mayra,Bronze,Caroline Marion,Gabriela Oliveira
190857011,Content | Lifestyle,eliananascimentoo__,Bronze,Caroline Marion,Gabriela Oliveira
646166616,Content | Lifestyle,luvilelapaes,Bronze,Caroline Marion,Gabriela Oliveira
1427265851,Content | Lifestyle,51473305514733052023071912,Bronze,Caroline Marion,Gabriela Oliveira
138094323,Content | Lifestyle,anahonorata,Bronze,Caroline Marion,Gabriela Oliveira
1318500198,Content | Lifestyle,Taleesa,Bronze,Caroline Marion,Gabriela Oliveira
1340298923,Content | Lifestyle,manualdorecemnascido,Bronze,Caroline Marion,Gabriela Oliveira
1096037132,Content | Lifestyle,Catia,Bronze,Caroline Marion,Gabriela Oliveira
1426420422,Content | Lifestyle,dicasdeofertas,Bronze,Caroline Marion,Gabriela Oliveira
440968000,Content | Lifestyle,dicadajuh,Bronze,Caroline Marion,Gabriela Oliveira
1408672391,Content | Lifestyle,tuanetuane20230627160833,Bronze,Caroline Marion,Gabriela Oliveira
1909872740,Content | Lifestyle,musasdapromo01,Bronze,Caroline Marion,Gabriela Oliveira
209297929,Content | Lifestyle,Felipe,Bronze,Caroline Marion,Gabriela Oliveira
85783542,Content | Lifestyle,cariocabikeshop,Bronze,Caroline Marion,Gabriela Oliveira
1064692687,Content | Lifestyle,promosdamai,Bronze,Caroline Marion,Gabriela Oliveira
1437132261,Content | Lifestyle,JOHYCE DE AZEVEDO 45894216826 JOHYCE DE AZEVEDO 45894216826,Bronze,Caroline Marion,Gabriela Oliveira
59018115,Content | Lifestyle,ThaÃƒÂ­s,Bronze,Caroline Marion,Gabriela Oliveira
734782220,Content | Lifestyle,alinedm,Bronze,Caroline Marion,Gabriela Oliveira
2953203570,Content | Lifestyle,promosday1,Bronze,Caroline Marion,Gabriela Oliveira
367093050,Content | Lifestyle,ofertadodomomento_,Bronze,Caroline Marion,Gabriela Oliveira
189407558,Content | Lifestyle,jennifer,Bronze,Caroline Marion,Gabriela Oliveira
1957518964,Content | Lifestyle,sp20240821134503,Bronze,Caroline Marion,Gabriela Oliveira
2359144247,Content | Lifestyle,miepromo,Bronze,Caroline Marion,Gabriela Oliveira
116913346,Content | Lifestyle,leticiaborges,Bronze,Caroline Marion,Gabriela Oliveira
280444174,Content | Lifestyle,diadepromos,Bronze,Caroline Marion,Gabriela Oliveira
2354114877,Content | Lifestyle,tioparfum,Bronze,Caroline Marion,Gabriela Oliveira
648617114,Content | Lifestyle,brunotorres,Bronze,Caroline Marion,Gabriela Oliveira
273751814,Content | Lifestyle,universo,Bronze,Caroline Marion,Gabriela Oliveira
204957772,Content | Lifestyle,lorecoelho,Bronze,Caroline Marion,Gabriela Oliveira
155205923,Content | Lifestyle,ingridysantiago,Bronze,Caroline Marion,Gabriela Oliveira
1536298884,Content | Lifestyle,isabellaisabella20231104105002,Bronze,Caroline Marion,Gabriela Oliveira
246973604,Content | Lifestyle,dicasepromos,Bronze,Caroline Marion,Gabriela Oliveira
440625458,Content | Lifestyle,saju7058571,Bronze,Caroline Marion,Gabriela Oliveira
358402522,Content | Lifestyle,promodehojee,Bronze,Caroline Marion,Gabriela Oliveira
221861528,Content | Lifestyle,vipa9017964,Bronze,Caroline Marion,Gabriela Oliveira
45185619,Content | Lifestyle,espiadefarmacia,Bronze,Caroline Marion,Gabriela Oliveira
1827399957,Content | Lifestyle,21onze,Bronze,Caroline Marion,Gabriela Oliveira
161561413,Content | Lifestyle,larafandrade,Bronze,Caroline Marion,Gabriela Oliveira
178031903,Content | Lifestyle,brunagoldoni,Bronze,Caroline Marion,Gabriela Oliveira
1432792519,Content | Lifestyle,brunabruna20230726004229,Bronze,Caroline Marion,Gabriela Oliveira
1444457359,Content | Lifestyle,achadosdanessa,Bronze,Caroline Marion,Gabriela Oliveira
380661803,Content | Lifestyle,procasports,Bronze,Caroline Marion,Gabriela Oliveira
742314482,Content | Lifestyle,promodalaila,Bronze,Caroline Marion,Gabriela Oliveira
1390984189,Content | Lifestyle,recebidinho,Bronze,Caroline Marion,Gabriela Oliveira
186778702,Content | Lifestyle,mamaeseconomicas,Bronze,Caroline Marion,Gabriela Oliveira
205255635,Content | Lifestyle,tamiressturnichi,Bronze,Caroline Marion,Gabriela Oliveira
293720044,Content | Lifestyle,alizppasilva,Bronze,Caroline Marion,Gabriela Oliveira
287782494,Content | Lifestyle,nathalia_gabriela,Bronze,Caroline Marion,Gabriela Oliveira
1426415184,Content | Lifestyle,YES MILHAS CURSOS E TREINAMENT YES MILHAS CURSOS E TREINAMENT,Bronze,Caroline Marion,Gabriela Oliveira
272209245,Content | Lifestyle,Luciano,Bronze,Caroline Marion,Gabriela Oliveira
455002960,Content | Lifestyle,vianerabelo,Bronze,Caroline Marion,Gabriela Oliveira
2458708537,Content | Lifestyle,IAN ROBERT SANTOS S,Bronze,Caroline Marion,Gabriela Oliveira
152450825,Content | Lifestyle,Paula,Bronze,Caroline Marion,Gabriela Oliveira
308454102,Content | Lifestyle,Nicoli,Bronze,Caroline Marion,Gabriela Oliveira
480148356,Content | Lifestyle,Agatha,Bronze,Caroline Marion,Gabriela Oliveira
54887919,Content | Lifestyle,Jeniffer Paloma,Bronze,Caroline Marion,Gabriela Oliveira
208763779,Content | Lifestyle,Amanda,Bronze,Caroline Marion,Gabriela Oliveira
205890946,Content | Lifestyle,louise_victoria27@hotmail.com,Bronze,Caroline Marion,Gabriela Oliveira
379390087,Content | Lifestyle,topdescontos,Bronze,Caroline Marion,Gabriela Oliveira
277765986,Content | Lifestyle,Paulo Vitor,Bronze,Caroline Marion,Gabriela Oliveira
218124071,Content | Lifestyle,3mvjoao,Bronze,Caroline Marion,Gabriela Oliveira
644753190,Content | C&I + F&H,goma1851882,Silver,Lucas Vesterman,Ketlyn Gibeli
304274076,Content | C&I + F&H,sica4543923,Silver,Lucas Vesterman,Ketlyn Gibeli
226046758,Content | Lifestyle,prorelampago,Gold,Caroline Marion,Leonardo Santos
1258550467,Content | Lifestyle,promodehomem,Gold,Caroline Marion,Leonardo Santos
1768622098,Content | Lifestyle,espionandopromos,Gold,Caroline Marion,Leonardo Santos
2393086063,Content | Lifestyle,grupoeconomia,Gold,Caroline Marion,Leonardo Santos
2514893588,Content | Lifestyle,bp20250623091926,Gold,Caroline Marion,Leonardo Santos
214152484,Content | Lifestyle,achadosdatai,Gold,Caroline Marion,Leonardo Santos
744048622,Content | Lifestyle,Achadosdalisii,Gold,Caroline Marion,Leonardo Santos
564401992,Content | Lifestyle,luh,Gold,Caroline Marion,Leonardo Santos
129429765,Content | Lifestyle,dicasdasaa,Gold,Caroline Marion,Leonardo Santos
2644774232,Content | Lifestyle,teniswpp,Gold,Caroline Marion,Leonardo Santos
141137057,Content | Lifestyle,promodegarota,Gold,Caroline Marion,Leonardo Santos
2419513435,Content | Lifestyle,migaseconomizam,Gold,Caroline Marion,Leonardo Santos
429396831,Content | Lifestyle,avalioucompany,Gold,Caroline Marion,Leonardo Santos
536119834,Content | Lifestyle,promosdepaty,Gold,Caroline Marion,Leonardo Santos
2650443175,Content | Lifestyle,pm20250827164745,Gold,Caroline Marion,Leonardo Santos
89888506,Content | Lifestyle,evelyn_regly,Gold,Caroline Marion,Leonardo Santos
1480696279,Content | Lifestyle,heloisaheloisa20230915170807,Gold,Caroline Marion,Leonardo Santos
1439663675,Content | Lifestyle,apromoimperdivel,Gold,Caroline Marion,Leonardo Santos
1477338366,Content | Lifestyle,achadinhosnahora,Gold,Caroline Marion,Leonardo Santos
1090818795,Content | Lifestyle,monetizacaodevideos,Gold,Caroline Marion,Leonardo Santos
481509072,Content | Lifestyle,iannerm123,Gold,Caroline Marion,Leonardo Santos
1426683122,Content | Lifestyle,diariobeleza,Gold,Caroline Marion,Leonardo Santos
2669248973,Content | Lifestyle,promosodascheirosas,Gold,Caroline Marion,Leonardo Santos
1890797680,Content | Lifestyle,tenis_certo,Gold,Caroline Marion,Leonardo Santos
66288574,Content | C&I + F&H,promododialinks,Gold,Lucas Vesterman,Lucas Vesterman
1587747906,Content | C&I + F&H,achadosdodiia,Gold,Lucas Vesterman,Lucas Vesterman
2683269260,Content | C&I + F&H,mm20250909191901,Gold,Lucas Vesterman,Lucas Vesterman
1670402214,Content | C&I + F&H,economizandu,Gold,Lucas Vesterman,Lucas Vesterman
155523724,Content | C&I + F&H,encontreinaweb,Gold,Lucas Vesterman,Lucas Vesterman
1366779655,Content | C&I + F&H,moa,Gold,Lucas Vesterman,Lucas Vesterman
129828195,Content | C&I + F&H,ayrlasilvesre,Gold,Lucas Vesterman,Lucas Vesterman
13056075,Content | C&I + F&H,tarcisiosimone,Gold,Lucas Vesterman,Lucas Vesterman
1530928799,Content | C&I + F&H,olhadatec,Gold,Lucas Vesterman,Lucas Vesterman
1688748953,Content | C&I + F&H,oreidapromobr,Platinum,Lucas Vesterman,Lucas Vesterman
2465561350,Content | Other,ACHADO DE CARRO,Gold,Lucas Vesterman,Lucas Vesterman
211875855,Content | Cross,Marcos,Bronze,Thales Rimoli,Nina Adler
1423311190,Content | Cross,ofertaodovinil,Bronze,Thales Rimoli,Nina Adler
151613737,Content | Cross,rafaelsalvador,Bronze,Thales Rimoli,Nina Adler
786771892,Content | Cross,achadinhosgarantido,Bronze,Thales Rimoli,Nina Adler
1452102353,Content | Cross,bugadao,Bronze,Thales Rimoli,Nina Adler
286235056,Content | Cross,larissamarchetti,Bronze,Thales Rimoli,Nina Adler
673851790,Content | Cross,paymentsclub,Bronze,Thales Rimoli,Nina Adler
151885557,Content | Cross,luana_poliedro,Bronze,Thales Rimoli,Nina Adler
247374806,Content | Cross,62 496 687 YGOR RIBEIRO DA SIL,Bronze,Thales Rimoli,Nina Adler
6767693,Content | Cross,promobkids,Bronze,Thales Rimoli,Nina Adler
241322914,Content | Cross,promobaby,Bronze,Thales Rimoli,Nina Adler
187537453,Content | Cross,guiato,Bronze,Thales Rimoli,Nina Adler
432635271,Content | Cross,monetizacaodevideos,Bronze,Thales Rimoli,Nina Adler
261918389,Content | Cross,blackofertas,Bronze,Thales Rimoli,Nina Adler
25086949,Content | Cross,coringa_2010,Bronze,Thales Rimoli,Nina Adler
526807890,Content | Cross,achadinhosdaline,Bronze,Thales Rimoli,Nina Adler
60759037,Content | Cross,Promo,Bronze,Thales Rimoli,Nina Adler
1871694076,Content | Cross,opromoshow,Bronze,Thales Rimoli,Nina Adler
1434017443,Content | Cross,fsupersale,Bronze,Thales Rimoli,Nina Adler
531037651,Content | Cross,felipespacebike,Bronze,Thales Rimoli,Nina Adler
486118420,Content | Cross,tatiana,Bronze,Thales Rimoli,Nina Adler
199596020,Content | Cross,shareyouroferta,Bronze,Thales Rimoli,Nina Adler
51908994,Content | Cross,jhonyalbanese,Bronze,Thales Rimoli,Nina Adler
609644801,Content | Cross,ofertasperdidinhas,Bronze,Thales Rimoli,Nina Adler
303223557,Content | Cross,promosdamih,Bronze,Thales Rimoli,Nina Adler
1377978276,Content | Cross,superdicas,Bronze,Thales Rimoli,Nina Adler
1983351012,Content | Cross,priscilasilva9703,Bronze,Thales Rimoli,Nina Adler
297607087,Content | Cross,baratinhosimperdi,Bronze,Thales Rimoli,Nina Adler
1463526269,Content | Cross,ofertando,Bronze,Thales Rimoli,Nina Adler
1481291340,Content | Cross,pinceipincei20230914215020,Bronze,Thales Rimoli,Nina Adler
1156678,Content | Cross,liajansenm,Bronze,Thales Rimoli,Nina Adler
2200130866,Content | Cross,od20250107113353,Bronze,Thales Rimoli,Nina Adler
1690741909,Content | Cross,perigodaspromo,Bronze,Thales Rimoli,Nina Adler
530861291,Content | Cross,baratinos,Bronze,Thales Rimoli,Nina Adler
2238686778,Content | Cross,sopromosrelampago,Bronze,Thales Rimoli,Nina Adler
1051711586,Content | Cross,mildicasdamay,Bronze,Thales Rimoli,Nina Adler
1453199461,Content | Cross,cacadordepromocoes1,Bronze,Thales Rimoli,Nina Adler
1497771941,Content | Cross,ofertaesperta,Bronze,Thales Rimoli,Nina Adler
2009130689,Content | Cross,promokds,Bronze,Thales Rimoli,Nina Adler
512970471,Content | Cross,achadinhodeverdade,Bronze,Thales Rimoli,Nina Adler
2219662011,Content | Cross,duari,Bronze,Thales Rimoli,Nina Adler
1282155962,Content | Cross,adivulgadora,Bronze,Thales Rimoli,Nina Adler
311285776,Content | Cross,bigofertasvip,Bronze,Thales Rimoli,Nina Adler
7158722,Content | Cross,joaorochalucas,Bronze,Thales Rimoli,Nina Adler
141495725,Content | Cross,bertolifabio20230915200717,Bronze,Thales Rimoli,Nina Adler
580088514,Content | Cross,jejo9955894,Bronze,Thales Rimoli,Nina Adler
161660180,Content | Cross,oqcomprei,Bronze,Thales Rimoli,Nina Adler
2015096198,Content | Cross,assessoria.rshein,Bronze,Thales Rimoli,Nina Adler
53501280,Content | Cross,promodescontocupons,Bronze,Thales Rimoli,Nina Adler
643684687,Content | Cross,bigpromos,Bronze,Thales Rimoli,Nina Adler
1433463620,Content | Cross,girlsbugs,Bronze,Thales Rimoli,Nina Adler
1477767000,Content | Cross,imperador,Bronze,Thales Rimoli,Nina Adler
1821745541,Content | Cross,flashpromo,Bronze,Thales Rimoli,Nina Adler
262663582,Content | Cross,atipicostore,Bronze,Thales Rimoli,Nina Adler
72221514,Content | Cross,monedeira,Bronze,Thales Rimoli,Nina Adler
6867385,Content | Cross,ofertasml,Bronze,Thales Rimoli,Nina Adler
669879050,Content | Cross,Vinicius,Bronze,Thales Rimoli,Nina Adler
1590840544,Content | Cross,comprare,Bronze,Thales Rimoli,Nina Adler
202884905,Content | Cross,academiaesporteshop,Bronze,Thales Rimoli,Nina Adler
190304867,Content | Cross,melissalopes,Bronze,Thales Rimoli,Nina Adler
390160138,Content | Cross,INGRID ANDRADE DA SILVA 122408,Bronze,Thales Rimoli,Nina Adler
83966270,Content | Cross,ratadosachados,Bronze,Thales Rimoli,Nina Adler
431811888,Content | Cross,instadaspromos,Bronze,Thales Rimoli,Nina Adler
1763078011,Content | Cross,Promo,Bronze,Thales Rimoli,Nina Adler
1377796369,Content | Cross,costaester20230518184738,Bronze,Thales Rimoli,Nina Adler
288720773,Content | Cross,omundodepromos,Bronze,Thales Rimoli,Nina Adler
512825537,Content | Cross,cacadescontos,Bronze,Thales Rimoli,Nina Adler
286691475,Content | Cross,debikenamontanha,Bronze,Thales Rimoli,Nina Adler
103699751,Content | Cross,rogenevinicius,Bronze,Thales Rimoli,Nina Adler
795243402,Content | Cross,megapromos,Bronze,Thales Rimoli,Nina Adler
494747629,Content | Cross,laila,Bronze,Thales Rimoli,Nina Adler
1380412961,Content | Cross,rafaelchinacuponsbr,Bronze,Thales Rimoli,Nina Adler
183440224,Content | Cross,viciadosemdescontos,Bronze,Thales Rimoli,Nina Adler
269721398,Content | Cross,tudoonpromocoesofc,Bronze,Thales Rimoli,Nina Adler
1944563635,Content | Cross,podiumdeofertas,Bronze,Thales Rimoli,Nina Adler
1572653489,Content | Cross,cacadoresdeofertas,Bronze,Thales Rimoli,Nina Adler
1228150632,Content | Cross,kristinastefany20221030073655,Bronze,Thales Rimoli,Nina Adler
1441074384,Content | Cross,sdmlinks,Bronze,Thales Rimoli,Nina Adler
516957832,Content | Cross,sejamaiseconomico,Bronze,Thales Rimoli,Nina Adler
470806864,Content | Cross,almaderica,Bronze,Thales Rimoli,Nina Adler
678565811,Content | Cross,quenitaperin22,Bronze,Thales Rimoli,Nina Adler
2428615837,Content | Cross,vendas.shopee.igor8,Bronze,Thales Rimoli,Nina Adler
39495020,Content | Cross,Tudo Sobre Promos,Bronze,Thales Rimoli,Nina Adler
448250295,Content | Cross,promodamilla,Bronze,Thales Rimoli,Nina Adler
1131148365,Content | Cross,marianaaraujopedroni,Bronze,Thales Rimoli,Nina Adler
198417628,Content | Cross,achadosdagabby,Bronze,Thales Rimoli,Nina Adler
79957918,Content | Cross,dicasdospapais,Bronze,Thales Rimoli,Nina Adler
341004914,Content | Cross,promosporflavia,Bronze,Thales Rimoli,Nina Adler
2357360325,Content | Cross,guru,Bronze,Thales Rimoli,Nina Adler
317818364,Content | Cross,cantinhodaspromos,Bronze,Thales Rimoli,Nina Adler
212408657,Content | Cross,cacadoresderenda,Bronze,Thales Rimoli,Nina Adler
145151245,Content | Cross,carolmndss,Bronze,Thales Rimoli,Nina Adler
809062361,Content | Cross,findpromosoficial,Bronze,Thales Rimoli,Nina Adler
232876240,Content | Cross,especialistautilitar,Bronze,Thales Rimoli,Nina Adler
1756402797,Content | Cross,jufrois,Bronze,Thales Rimoli,Nina Adler
757367286,Content | Cross,larissamarques,Bronze,Thales Rimoli,Nina Adler
63186757,Content | Cross,gabrielamachado21,Bronze,Thales Rimoli,Nina Adler
342729046,Content | Cross,crowmantechofertas,Bronze,Thales Rimoli,Nina Adler
205028015,Content | Cross,achadinhosexcelente,Bronze,Thales Rimoli,Nina Adler
194367917,Content | Cross,coma5097348,Bronze,Thales Rimoli,Nina Adler
389626545,Content | Cross,hellenhcristina2,Bronze,Thales Rimoli,Nina Adler
1578049413,Content | Cross,obf,Bronze,Thales Rimoli,Nina Adler
1381583566,Content | Cross,ofertasecreta,Bronze,Thales Rimoli,Nina Adler
2208809834,Content | Cross,espieiofertas,Bronze,Thales Rimoli,Nina Adler
192318860,Content | Cross,promosdaligia,Bronze,Thales Rimoli,Nina Adler
1588265237,Content | Cross,promoatleta,Bronze,Thales Rimoli,Nina Adler
1396932291,Content | Cross,snakepromos,Bronze,Thales Rimoli,Nina Adler
1167640603,Content | Cross,kulakgislaine20220805120526,Bronze,Thales Rimoli,Nina Adler
256041945,Content | Cross,infobrpromos,Bronze,Thales Rimoli,Nina Adler
459212188,Content | Cross,amigabr,Bronze,Thales Rimoli,Nina Adler
2248551244,Content | Cross,eydyzinhamuquirana,Bronze,Thales Rimoli,Nina Adler
1452193631,Content | Cross,promofazolli,Bronze,Thales Rimoli,Nina Adler
1336224488,Content | Cross,recomenda360,Bronze,Thales Rimoli,Nina Adler
157729823,Content | Cross,def,Bronze,Thales Rimoli,Nina Adler
1047715590,Content | Cross,alphafitbrasil,Bronze,Thales Rimoli,Nina Adler
228727730,Content | Cross,hgaspoodini,Bronze,Thales Rimoli,Nina Adler
2444397966,Content | Cross,moisesemila,Bronze,Thales Rimoli,Nina Adler
230796982,Content | Cross,alysonzancanaro,Bronze,Thales Rimoli,Nina Adler
1613964777,Content | Cross,pedrosomrs,Bronze,Thales Rimoli,Nina Adler
1460641122,Content | Cross,gruposef,Bronze,Thales Rimoli,Nina Adler
538152142,Content | Cross,diquinhasgirl,Bronze,Thales Rimoli,Nina Adler
269337304,Content | Cross,giuliaxisto,Bronze,Thales Rimoli,Nina Adler
660834219,Content | Cross,se20241031082024,Bronze,Thales Rimoli,Nina Adler
1446956733,Content | Cross,achadinhosdapri,Bronze,Thales Rimoli,Nina Adler
180066235,Content | Cross,promolets,Bronze,Thales Rimoli,Nina Adler
229491441,Content | Cross,alveslilian299,Bronze,Thales Rimoli,Nina Adler
5441218,Content | Cross,testesedicas,Bronze,Thales Rimoli,Nina Adler
1437278515,Content | Cross,cuponect,Bronze,Thales Rimoli,Nina Adler
130484362,Content | Cross,wanessalemosaraujo,Bronze,Thales Rimoli,Nina Adler
224168003,Content | Cross,dayanepatriarca,Bronze,Thales Rimoli,Nina Adler
2066492086,Content | Cross,achadinhosdaloe,Bronze,Thales Rimoli,Nina Adler
1946020572,Content | Cross,gabrielleurbano,Bronze,Thales Rimoli,Nina Adler
45068254,Content | Cross,ASM DIGITAL COMMERCE LTDA,Bronze,Thales Rimoli,Nina Adler
593029712,Content | Cross,pobredasofertas,Bronze,Thales Rimoli,Nina Adler
211158953,Content | Cross,bestpromosbr,Bronze,Thales Rimoli,Nina Adler
126729033,Content | Cross,promocaocamacari,Bronze,Thales Rimoli,Nina Adler
1425333968,Content | Cross,dandan20230716072433,Bronze,Thales Rimoli,Nina Adler
99920305,Content | Cross,mamaesbaianas,Bronze,Thales Rimoli,Nina Adler
187270170,Content | Cross,topofertas,Bronze,Thales Rimoli,Nina Adler
245178092,Content | Cross,luandoparedaoo,Bronze,Thales Rimoli,Nina Adler
408274567,Content | Cross,beautyporlivia,Bronze,Thales Rimoli,Nina Adler
1542380813,Content | Cross,promosnahora_,Bronze,Thales Rimoli,Nina Adler
1462250546,Content | Cross,topofertasbabykids,Bronze,Thales Rimoli,Nina Adler
337625387,Content | Cross,achadinhos4,Bronze,Thales Rimoli,Nina Adler
651524151,Content | Cross,naathmi2019,Bronze,Thales Rimoli,Nina Adler
1954038151,Content | Cross,srpromos,Bronze,Thales Rimoli,Nina Adler
183117136,Content | Cross,luanadeodatolima,Bronze,Thales Rimoli,Nina Adler
238471146,Content | Cross,akipromocoes,Bronze,Thales Rimoli,Nina Adler
1531225553,Content | Cross,monsterofertas,Bronze,Thales Rimoli,Nina Adler
485945401,Content | Cross,livrosblackfriday,Bronze,Thales Rimoli,Nina Adler
257207451,Content | Cross,seuachadosonline,Bronze,Thales Rimoli,Nina Adler
62758088,Content | Cross,gatagarotafinds,Bronze,Thales Rimoli,Nina Adler
1430584463,Content | Cross,achadonapromo,Bronze,Thales Rimoli,Nina Adler
494870480,Content | Cross,nejo2010997,Bronze,Thales Rimoli,Nina Adler
129633865,Content | Cross,adriellymonick,Bronze,Thales Rimoli,Nina Adler
126659569,Content | Cross,larimarcioliver,Bronze,Thales Rimoli,Nina Adler
297819181,Content | Cross,promocoes_da_juh_,Bronze,Thales Rimoli,Nina Adler
1447302999,Content | Cross,promodocasal,Bronze,Thales Rimoli,Nina Adler
1816546951,Content | Cross,affilion,Bronze,Thales Rimoli,Nina Adler
1639660026,Content | Cross,ofertasplus,Bronze,Thales Rimoli,Nina Adler
1701871528,Content | Cross,espiadeofertas,Bronze,Thales Rimoli,Nina Adler
1890922253,Content | Cross,promohype,Bronze,Thales Rimoli,Nina Adler
174564919,Content | Cross,rebecadionizio,Bronze,Thales Rimoli,Nina Adler
1927535724,Content | Cross,promogeekofertas,Bronze,Thales Rimoli,Nina Adler
1433012143,Content | Cross,quecriativo,Bronze,Thales Rimoli,Nina Adler
110018205,Content | Cross,ofertinha,Bronze,Thales Rimoli,Nina Adler
227092445,Content | Cross,familiavale,Bronze,Thales Rimoli,Nina Adler
2128288086,Content | Cross,luthierdouglasp,Bronze,Thales Rimoli,Nina Adler
1862563279,Content | Cross,tanodescontinho,Bronze,Thales Rimoli,Nina Adler
213618896,Content | Cross,aqle6195875,Bronze,Thales Rimoli,Nina Adler
79700914,Content | Cross,lucapuccileite,Bronze,Thales Rimoli,Nina Adler
190826551,Content | Cross,jauansantana,Bronze,Thales Rimoli,Nina Adler
92297909,Content | Cross,razer12,Bronze,Thales Rimoli,Nina Adler
76774494,Content | Cross,euadorocupom,Bronze,Thales Rimoli,Nina Adler
83636235,Content | Cross,promospravc,Bronze,Thales Rimoli,Nina Adler
1044623240,Content | Cross,cadi3168098,Bronze,Thales Rimoli,Nina Adler
1998255005,Content | Cross,achadasso,Bronze,Thales Rimoli,Nina Adler
1455200615,Content | Cross,garimpar,Bronze,Thales Rimoli,Nina Adler
4920261,Content | Cross,pjinsta,Bronze,Thales Rimoli,Nina Adler
292847384,Content | Cross,fillrocha,Bronze,Thales Rimoli,Nina Adler
52547326,Content | Cross,augustomestieri,Bronze,Thales Rimoli,Nina Adler
85514656,Content | Cross,fernandoricci,Bronze,Thales Rimoli,Nina Adler
287197163,Content | Cross,achamosparavc,Bronze,Thales Rimoli,Nina Adler
2582600349,Content | Cross,c20250727155157,Bronze,Thales Rimoli,Nina Adler
2569721588,Content | Cross,deborahcarvalho,Bronze,Thales Rimoli,Nina Adler
234320014,Content | Cross,larissasntana,Bronze,Thales Rimoli,Nina Adler
228650132,Content | Cross,dayanneeferreira28,Bronze,Thales Rimoli,Nina Adler
349396208,Content | Cross,grunobabriel,Bronze,Thales Rimoli,Nina Adler
1548184216,Content | Cross,promospot,Bronze,Thales Rimoli,Nina Adler
237569801,Content | Cross,wendelldelgado,Bronze,Thales Rimoli,Nina Adler
214037742,Content | Cross,casadolink,Bronze,Thales Rimoli,Nina Adler
798952817,Content | Cross,livrariaemcasa,Bronze,Thales Rimoli,Nina Adler
134814361,Content | Cross,melhorespromocoesdelivros,Bronze,Thales Rimoli,Nina Adler
19026603,Content | Cross,lupuszin,Bronze,Thales Rimoli,Nina Adler
86530568,Content | Cross,contando.historinhas,Bronze,Thales Rimoli,Nina Adler
193433190,Content | Cross,achadinhosdomiguel2,Bronze,Thales Rimoli,Nina Adler
231593167,Content | Cross,topoferta,Bronze,Thales Rimoli,Nina Adler
1476281956,Content | Cross,juliananunes001,Bronze,Thales Rimoli,Nina Adler
1690953238,Content | Cross,elisalangsch,Bronze,Thales Rimoli,Nina Adler
49674458,Content | Cross,danielsonnora,Bronze,Thales Rimoli,Nina Adler
1556490119,Content | Cross,lenosanches,Bronze,Thales Rimoli,Nina Adler
1905048784,Content | Cross,promoturl,Bronze,Thales Rimoli,Nina Adler
1393423684,Content | Cross,1001,Bronze,Thales Rimoli,Nina Adler
1481531398,Content | Cross,pxpromo,Bronze,Thales Rimoli,Nina Adler
230037521,Content | Cross,rafazagarelli,Bronze,Thales Rimoli,Nina Adler
421988581,Content | Cross,suzannemiranda,Bronze,Thales Rimoli,Nina Adler
288063877,Content | Cross,rogetognon,Bronze,Thales Rimoli,Nina Adler
175516255,Content | Cross,angela6bernardes,Bronze,Thales Rimoli,Nina Adler
1707015680,Content | Cross,outlanderFishingequip,Bronze,Thales Rimoli,Nina Adler
13770991,Content | Cross,promobuzy,Bronze,Thales Rimoli,Nina Adler
2016904512,Content | Cross,gt20241001193656,Bronze,Thales Rimoli,Nina Adler
86281592,Content | Cross,azezshop,Bronze,Thales Rimoli,Nina Adler
2296180240,Content | Cross,maiskibaratoo,Bronze,Thales Rimoli,Nina Adler
1457499617,Content | Cross,marcosoliveira,Bronze,Thales Rimoli,Nina Adler
324150232,Content | Cross,matheuszanettibarbosa,Bronze,Thales Rimoli,Nina Adler
156663872,Content | Cross,kelly.665,Bronze,Thales Rimoli,Nina Adler
1936498525,Content | Cross,gabindica,Bronze,Thales Rimoli,Nina Adler
48673895,Content | C&I + F&H,tabaratotalita,Bronze,Lucas Vesterman,Pedro Herrera
467431559,Content | C&I + F&H,mf20250224065915,Bronze,Lucas Vesterman,Pedro Herrera
280333191,Content | C&I + F&H,milenasacramento35,Bronze,Lucas Vesterman,Pedro Herrera
217901401,Content | C&I + F&H,mariliaalvesdasilva,Bronze,Lucas Vesterman,Pedro Herrera
477371754,Content | C&I + F&H,portal_refrigeracao,Bronze,Lucas Vesterman,Pedro Herrera
627245178,Content | C&I + F&H,brcdigital,Bronze,Lucas Vesterman,Pedro Herrera
768924215,Content | C&I + F&H,_achadosdatami,Bronze,Lucas Vesterman,Pedro Herrera
414361911,Content | C&I + F&H,baarbiemx,Bronze,Lucas Vesterman,Pedro Herrera
296354169,Content | C&I + F&H,leticiaexel9,Bronze,Lucas Vesterman,Pedro Herrera
600049604,Content | C&I + F&H,homejessicalima,Bronze,Lucas Vesterman,Pedro Herrera
2553619058,Content | C&I + F&H,grupowhats,Bronze,Lucas Vesterman,Pedro Herrera
1461645780,Content | C&I + F&H,larfelizoficial,Bronze,Lucas Vesterman,Pedro Herrera
420277922,Content | C&I + F&H,ana.paulabarbosasc,Bronze,Lucas Vesterman,Pedro Herrera
2560834610,Content | C&I + F&H,leticiadescontos,Bronze,Lucas Vesterman,Pedro Herrera
1665449142,Content | C&I + F&H,raquelcicero,Bronze,Lucas Vesterman,Pedro Herrera
108321405,Content | C&I + F&H,tamarudanilo,Bronze,Lucas Vesterman,Pedro Herrera
676651691,Content | C&I + F&H,tatianeparisoto,Bronze,Lucas Vesterman,Pedro Herrera
490524922,Content | C&I + F&H,camilaemendes,Bronze,Lucas Vesterman,Pedro Herrera
214872957,Content | C&I + F&H,heca195607,Bronze,Lucas Vesterman,Pedro Herrera
284855023,Content | C&I + F&H,thuannysmello,Bronze,Lucas Vesterman,Pedro Herrera
179805980,Content | C&I + F&H,achadosdoguru,Bronze,Lucas Vesterman,Pedro Herrera
314582462,Content | C&I + F&H,renatattorrentes,Bronze,Lucas Vesterman,Pedro Herrera
511670989,Content | C&I + F&H,macedoalexiaoliveira,Bronze,Lucas Vesterman,Pedro Herrera
742328965,Content | C&I + F&H,lele-gomesleandro,Bronze,Lucas Vesterman,Pedro Herrera
271356022,Content | C&I + F&H,monetizacaodevideos,Bronze,Lucas Vesterman,Pedro Herrera
66404218,Content | C&I + F&H,guinaajp,Bronze,Lucas Vesterman,Pedro Herrera
286551778,Content | C&I + F&H,wellitonbraun,Bronze,Lucas Vesterman,Pedro Herrera
172678449,Content | C&I + F&H,thaisarraisdemattos,Bronze,Lucas Vesterman,Pedro Herrera
323419246,Content | C&I + F&H,ofertometro,Bronze,Lucas Vesterman,Pedro Herrera
47897711,Content | C&I + F&H,promosuteis,Bronze,Lucas Vesterman,Pedro Herrera
30107921,Content | C&I + F&H,ramosk8677,Bronze,Lucas Vesterman,Pedro Herrera
401336483,Content | C&I + F&H,ACHADINHOS DA DANI LTDA,Bronze,Lucas Vesterman,Pedro Herrera
163733884,Content | C&I + F&H,achadikas,Bronze,Lucas Vesterman,Pedro Herrera
1488032118,Content | C&I + F&H,promocoesaleatorias,Bronze,Lucas Vesterman,Pedro Herrera
1085104628,Content | C&I + F&H,socialmedcomunicacao,Bronze,Lucas Vesterman,Pedro Herrera
1875530332,Content | C&I + F&H,do20240626105222,Bronze,Lucas Vesterman,Pedro Herrera
129459602,Content | C&I + F&H,isadorafilipiack,Bronze,Lucas Vesterman,Pedro Herrera
228129723,Content | C&I + F&H,havilalevindo16,Bronze,Lucas Vesterman,Pedro Herrera
366925359,Content | C&I + F&H,Grace,Bronze,Lucas Vesterman,Pedro Herrera
241190871,Content | C&I + F&H,sida6935296,Bronze,Lucas Vesterman,Pedro Herrera
200779497,Content | C&I + F&H,rial9363204,Bronze,Lucas Vesterman,Pedro Herrera
199372032,Content | C&I + F&H,maraamorim166,Bronze,Lucas Vesterman,Pedro Herrera
380017209,Content | C&I + F&H,lucysousa,Bronze,Lucas Vesterman,Pedro Herrera
1438644346,Content | C&I + F&H,peuhmenezes,Bronze,Lucas Vesterman,Pedro Herrera
215861349,Content | C&I + F&H,elisangelabbastos,Bronze,Lucas Vesterman,Pedro Herrera
135771137,Content | C&I + F&H,manoel,Bronze,Lucas Vesterman,Pedro Herrera
2240848136,Content | C&I + F&H,cl20250129170032,Bronze,Lucas Vesterman,Pedro Herrera
818611603,Content | C&I + F&H,anca5499441,Bronze,Lucas Vesterman,Pedro Herrera
215567487,Content | C&I + F&H,priscilapessanha401,Bronze,Lucas Vesterman,Pedro Herrera
1933798586,Content | C&I + F&H,fabyfranco,Bronze,Lucas Vesterman,Pedro Herrera
127225167,Content | C&I + F&H,fernandesnara24,Bronze,Lucas Vesterman,Pedro Herrera
527607504,Content | C&I + F&H,foradacurca,Bronze,Lucas Vesterman,Pedro Herrera
1416689790,Content | C&I + F&H,marianacabral,Bronze,Lucas Vesterman,Pedro Herrera
2697350057,Content | C&I + F&H,ofertasvizinha,Silver,Lucas Vesterman,Pedro Herrera
2534577851,Content | C&I + F&H,c20250705112704,Silver,Lucas Vesterman,Pedro Herrera
229821630,Content | C&I + F&H,libertytgp,Silver,Lucas Vesterman,Pedro Herrera
2472950551,Content | C&I + F&H,compras1500,Silver,Lucas Vesterman,Pedro Herrera
1550052320,Content | C&I + F&H,avisadesconto,Silver,Lucas Vesterman,Pedro Herrera
173454411,Content | C&I + F&H,lufa6650321,Silver,Lucas Vesterman,Pedro Herrera
1752757746,Content | C&I + F&H,comprinhasdecasa,Silver,Lucas Vesterman,Pedro Herrera
377046315,Content | C&I + F&H,nossacasaofertas,Silver,Lucas Vesterman,Pedro Herrera
81075199,Content | C&I + F&H,talita,Silver,Lucas Vesterman,Pedro Herrera
54685868,Content | C&I + F&H,Luciana,Silver,Lucas Vesterman,Pedro Herrera
98661101,Content | C&I + F&H,monetizacaodevideos,Silver,Lucas Vesterman,Pedro Herrera
400289450,Content | C&I + F&H,ferramentasemacao,Silver,Lucas Vesterman,Pedro Herrera
133993243,Content | C&I + F&H,Valeria Justo,Silver,Lucas Vesterman,Pedro Herrera
1801206015,Content | C&I + F&H,meajudanaescolha,Silver,Lucas Vesterman,Pedro Herrera
1880667258,Content | C&I + F&H,dv20240630000455,Silver,Lucas Vesterman,Pedro Herrera
120316316,Content | C&I + F&H,vhmaker,Silver,Lucas Vesterman,Pedro Herrera
51597294,Content | C&I + F&H,cadeirasdeescritorio,Silver,Lucas Vesterman,Pedro Herrera
210939551,Content | Other,monetizacaodevideos,Bronze,Lucas Vesterman,Pedro Herrera
186825611,Content | Other,reva5382872,Bronze,Lucas Vesterman,Pedro Herrera
725268701,Content | Other,mogu4015772,Bronze,Lucas Vesterman,Pedro Herrera
391449605,Content | Other,bema5006435,Bronze,Lucas Vesterman,Pedro Herrera
580275618,Content | Other,pethersoncunha,Bronze,Lucas Vesterman,Pedro Herrera
116082649,Content | Other,Lucas,Bronze,Lucas Vesterman,Pedro Herrera
130629982,Content | Other,canalpolitica,Bronze,Lucas Vesterman,Pedro Herrera
32483638,Content | Other,thiagosilva159,Bronze,Lucas Vesterman,Pedro Herrera
329855491,Content | Other,eduardozyzzem,Bronze,Lucas Vesterman,Pedro Herrera
1179990663,Content | Other,mendoncawemerson20220815152301,Bronze,Lucas Vesterman,Pedro Herrera
581644246,Content | Other,overuning,Bronze,Lucas Vesterman,Pedro Herrera
47898814,Content | Other,mediosde6,Bronze,Lucas Vesterman,Pedro Herrera
158157556,Content | Other,autolimpeparceiros,Bronze,Lucas Vesterman,Pedro Herrera
91150263,Content | Other,jookombi,Bronze,Lucas Vesterman,Pedro Herrera
701408912,Content | Other,nead8492935,Bronze,Lucas Vesterman,Pedro Herrera
194918152,Content | Other,fellippemassi,Silver,Lucas Vesterman,Pedro Herrera
141701236,Content | Other,alarmefacil,Silver,Lucas Vesterman,Pedro Herrera
198037158,Content | Other,gasa4115481,Silver,Lucas Vesterman,Pedro Herrera
103593513,Content | Other,rebouasisaac,Silver,Lucas Vesterman,Pedro Herrera
212484230,Content | Other,helberpacheco,Silver,Lucas Vesterman,Pedro Herrera
215942175,Content | Other,belu9482971,Silver,Lucas Vesterman,Pedro Herrera
232876749,Content | Other,evolon,Silver,Lucas Vesterman,Pedro Herrera
70129489,Content | Other,araujogeorge79,Silver,Lucas Vesterman,Pedro Herrera
773801672,Content | Other,jamilys,Silver,Lucas Vesterman,Pedro Herrera
2958637361,Content | Other,i20251031112841,Silver,Lucas Vesterman,Pedro Herrera
116499627,Content | Other,douglasfavieri,Silver,Lucas Vesterman,Pedro Herrera
273918121,Content | Other,rafael.baptistini,Bronze,Lucas Vesterman,Pedro Herrera
248128484,Content | Other,garagemcarup,Bronze,Lucas Vesterman,Pedro Herrera
618931688,Content | Other,motosemetal,Bronze,Lucas Vesterman,Pedro Herrera
2417930507,Content | Other,bate papo automotivo,Bronze,Lucas Vesterman,Pedro Herrera
209810908,Content | C&I + F&H,larcaprichado,Bronze,Lucas Vesterman,Pedro Herrera
1704701634,Content | C&I + F&H,comtudocasa7,Bronze,Lucas Vesterman,Pedro Herrera
168939981,Content | C&I + F&H,lojadacinci,Bronze,Lucas Vesterman,Pedro Herrera
425645979,Content | C&I + F&H,achadosofertasdolar,Bronze,Lucas Vesterman,Pedro Herrera
119153550,Content | C&I + F&H,clayton.mundim,Bronze,Lucas Vesterman,Pedro Herrera
2595529889,Content | TE & HE,maykegarbonew,Gold,Thales Rimoli,Pedro Passos
1342859483,Content | TE & HE,abelhando,Gold,Thales Rimoli,Pedro Passos
1370750164,Content | TE & HE,switchxz,Gold,Thales Rimoli,Pedro Passos
678610452,Content | TE & HE,samuelf3lipe,Gold,Thales Rimoli,Pedro Passos
76331531,Content | TE & HE,especialistaemti,Gold,Thales Rimoli,Pedro Passos
44352982,Content | TE & HE,tjgaming,Gold,Thales Rimoli,Pedro Passos
1365706499,Content | TE & HE,peperaio,Gold,Thales Rimoli,Pedro Passos
1453452471,Content | TE & HE,Daniel Reenlsober,Gold,Thales Rimoli,Pedro Passos
1231808348,Content | TE & HE,gesiel,Gold,Thales Rimoli,Pedro Passos
521028663,Content | TE & HE,promotecgames,Gold,Thales Rimoli,Pedro Passos
1422846329,Content | TE & HE,coelhonojapo,Gold,Thales Rimoli,Pedro Passos
1375138586,Content | TE & HE,Canaljptech,Gold,Thales Rimoli,Pedro Passos
1366151811,Content | TE & HE,pcdofafa,Gold,Thales Rimoli,Pedro Passos
798617488,Content | TE & HE,Fraguas84,Gold,Thales Rimoli,Pedro Passos
268850426,Content | TE & HE,jeffrecomenda,Gold,Thales Rimoli,Pedro Passos
1207675246,Content | TE & HE,canalrodrigomoreira,Gold,Thales Rimoli,Pedro Passos
1185718745,Content | TE & HE,ofertasgamer,Gold,Thales Rimoli,Pedro Passos
1451916544,Content | TE & HE,tosemkit,Gold,Thales Rimoli,Pedro Passos
199199140,Content | TE & HE,techbr,Gold,Thales Rimoli,Pedro Passos
1231576803,Content | TE & HE,inovaleo,Gold,Thales Rimoli,Pedro Passos
1387667693,Content | TE & HE,descontoemgames,Gold,Thales Rimoli,Pedro Passos
1249172900,Content | TE & HE,tttech,Gold,Thales Rimoli,Pedro Passos
1406524799,Content | TE & HE,Toptech,Gold,Thales Rimoli,Pedro Passos
1787797281,Content | TE & HE,dcd05,Gold,Thales Rimoli,Pedro Passos
379432988,Content | TE & HE,pmempdigitais,Silver,Thales Rimoli,Pedro Passos
547239300,Content | TE & HE,d6news,Silver,Thales Rimoli,Pedro Passos
189307190,Content | TE & HE,Igor,Silver,Thales Rimoli,Pedro Passos
1365722169,Content | TE & HE,pachecoltda,Silver,Thales Rimoli,Pedro Passos
1369622787,Content | TE & HE,uduluiz,Silver,Thales Rimoli,Pedro Passos
1433577301,Content | TE & HE,promotom,Silver,Thales Rimoli,Pedro Passos
1692585264,Content | TE & HE,fesi20240220132906,Silver,Thales Rimoli,Pedro Passos
2199888578,Content | TE & HE,Patrick,Silver,Thales Rimoli,Pedro Passos
1885573171,Content | TE & HE,talkpcx,Silver,Thales Rimoli,Pedro Passos
182127937,Content | TE & HE,TD SERVICOS DIGITAIS LTDA,Silver,Thales Rimoli,Pedro Passos
498902543,Content | TE & HE,gpcrpromo,Silver,Thales Rimoli,Pedro Passos
2427191885,Content | TE & HE,Wesley,Silver,Thales Rimoli,Pedro Passos
1365511504,Content | TE & HE,geekloko,Silver,Thales Rimoli,Pedro Passos
1712874783,Content | TE & HE,nerddeplantao,Silver,Thales Rimoli,Pedro Passos
1035231903,Content | TE & HE,grapetec,Silver,Thales Rimoli,Pedro Passos
1416008866,Content | TE & HE,superconsumer23,Silver,Thales Rimoli,Pedro Passos
776246463,Content | TE & HE,lucasbenevides,Silver,Thales Rimoli,Pedro Passos
134739278,Content | TE & HE,cmdias,Silver,Thales Rimoli,Pedro Passos
1078580092,Content | TE & HE,cupomonline,Silver,Thales Rimoli,Pedro Passos
1230973601,Content | TE & HE,maxdicas,Silver,Thales Rimoli,Pedro Passos
1477441758,Content | TE & HE,meuplaystation,Silver,Thales Rimoli,Pedro Passos
1343085375,Content | TE & HE,felps,Silver,Thales Rimoli,Pedro Passos
1251879558,Content | TE & HE,qualnotebook,Silver,Thales Rimoli,Pedro Passos
268300847,Content | TE & HE,matheuskise,Silver,Thales Rimoli,Pedro Passos
1365959356,Content | TE & HE,adrenalinemc,Silver,Thales Rimoli,Pedro Passos
1231082308,Content | TE & HE,m3midia,Silver,Thales Rimoli,Pedro Passos
1161200505,Content | TE & HE,mastertechjr,Silver,Thales Rimoli,Pedro Passos
1342941619,Content | TE & HE,tecvariedades,Silver,Thales Rimoli,Pedro Passos
202022997,Content | TE & HE,technatela,Silver,Thales Rimoli,Pedro Passos
1383038146,Content | TE & HE,iskandarsouza,Silver,Thales Rimoli,Pedro Passos
1381562962,Content | TE & HE,hardtec,Silver,Thales Rimoli,Pedro Passos
1426514854,Content | TE & HE,canalrssv,Silver,Thales Rimoli,Pedro Passos
2487802727,Content | TE & HE,pm20250610223237,Silver,Thales Rimoli,Pedro Passos
1159690723,Content | TE & HE,techmelhores,Silver,Thales Rimoli,Pedro Passos
138261262,Content | TE & HE,tecnan,Silver,Thales Rimoli,Pedro Passos
2698563936,Content | TE & HE,gl20250917111331,Silver,Thales Rimoli,Pedro Passos
1427776750,Content | TE & HE,leotecnodia,Silver,Thales Rimoli,Pedro Passos
2563386886,Content | TE & HE,toptech,Silver,Thales Rimoli,Pedro Passos
1156310262,Content | Cross,sddescontos,Silver,Thales Rimoli,Priscila Marques
1457441247,Content | Cross,cupons,Silver,Thales Rimoli,Priscila Marques
2417416990,Content | Cross,passageirodeprimeira,Silver,Thales Rimoli,Priscila Marques
1457548527,Content | Cross,sydescontinho,Silver,Thales Rimoli,Priscila Marques
251645009,Content | Cross,novosprodutos,Silver,Thales Rimoli,Priscila Marques
1531640488,Content | Cross,promobabykidsonlne,Silver,Thales Rimoli,Priscila Marques
1224327239,Content | Cross,cardosohenrique20230309120708,Silver,Thales Rimoli,Priscila Marques
152436288,Content | Cross,gugaaprova,Silver,Thales Rimoli,Priscila Marques
495016443,Content | Cross,ofertasgeek,Silver,Thales Rimoli,Priscila Marques
1947955373,Content | Cross,guerradealsfit,Silver,Thales Rimoli,Priscila Marques
216487808,Content | Cross,Salminus Fishing,Silver,Thales Rimoli,Priscila Marques
286249876,Content | Cross,acheinapromo,Silver,Thales Rimoli,Priscila Marques
1425545713,Content | Cross,wolfpromos,Silver,Thales Rimoli,Priscila Marques
127000419,Content | Cross,portalmenorpreco,Silver,Thales Rimoli,Priscila Marques
1478707361,Content | Cross,marciavascouto,Silver,Thales Rimoli,Priscila Marques
1435262807,Content | Cross,tudonapromo,Silver,Thales Rimoli,Priscila Marques
1494770433,Content | Cross,gabpromo,Silver,Thales Rimoli,Priscila Marques
1447393059,Content | Cross,rainha,Silver,Thales Rimoli,Priscila Marques
196205822,Content | Cross,driisantiago,Silver,Thales Rimoli,Priscila Marques
618183409,Content | Cross,achadosdaccarol,Silver,Thales Rimoli,Priscila Marques
149518102,Content | Cross,bizudaspromocoes,Silver,Thales Rimoli,Priscila Marques
1485438702,Content | Cross,promocoespremium,Silver,Thales Rimoli,Priscila Marques
1438016577,Content | Cross,promocoesdahoraofc,Silver,Thales Rimoli,Priscila Marques
1422595957,Content | Cross,boletandoofertas,Silver,Thales Rimoli,Priscila Marques
1455887437,Content | Cross,aquitempechincha,Silver,Thales Rimoli,Priscila Marques
129772863,Content | Cross,rayzaserri,Silver,Thales Rimoli,Priscila Marques
246606087,Content | Cross,donnadescontos,Silver,Thales Rimoli,Priscila Marques
1453179131,Content | Cross,topdescontosoficial,Silver,Thales Rimoli,Priscila Marques
2716163380,Content | Cross,dogpromo,Silver,Thales Rimoli,Priscila Marques
1468107040,Content | Cross,gafanhotoapp,Silver,Thales Rimoli,Priscila Marques
1291850544,Content | Cross,compreibarato,Silver,Thales Rimoli,Priscila Marques
2313173800,Content | Cross,ofertinhasecia,Silver,Thales Rimoli,Priscila Marques
4621837,Content | Cross,achadinhoscomcarol,Silver,Thales Rimoli,Priscila Marques
340577258,Content | Cross,sabrinaclara89,Silver,Thales Rimoli,Priscila Marques
193597038,Content | Cross,alertacupons,Silver,Thales Rimoli,Priscila Marques
1241344300,Content | Cross,precinnnn,Silver,Thales Rimoli,Priscila Marques
1485217446,Content | Cross,promoon,Silver,Thales Rimoli,Priscila Marques
1442794904,Content | Cross,Economizanderson,Silver,Thales Rimoli,Priscila Marques
1391252882,Content | Cross,temdetudotchelo,Silver,Thales Rimoli,Priscila Marques
2202505476,Content | Cross,afneto_ofertas,Silver,Thales Rimoli,Priscila Marques
165269796,Content | Cross,felipericardo,Silver,Thales Rimoli,Priscila Marques
1173888746,Content | Cross,babicunha,Silver,Thales Rimoli,Priscila Marques
2046114897,Content | Cross,fadadoscupons,Silver,Thales Rimoli,Priscila Marques
92792646,Content | Cross,samuelcout,Silver,Thales Rimoli,Priscila Marques
133467538,Content | Cross,mcsp,Silver,Thales Rimoli,Priscila Marques
74339904,Content | Cross,empoderado,Silver,Thales Rimoli,Priscila Marques
506619983,Content | Cross,j.efinhocg,Silver,Thales Rimoli,Priscila Marques
2221972417,Content | Cross,pv20250120175912,Silver,Thales Rimoli,Priscila Marques
200355621,Content | Cross,ultreyamarketing,Silver,Thales Rimoli,Priscila Marques
271562467,Content | Cross,apromoperfeitaofc,Silver,Thales Rimoli,Priscila Marques
2418855877,Content | Cross,josenildosilva2930,Silver,Thales Rimoli,Priscila Marques
323819368,Content | Cross,alupa,Silver,Thales Rimoli,Priscila Marques
255626570,Content | Cross,updesconto,Silver,Thales Rimoli,Priscila Marques
1738465308,Content | Cross,promodaluh,Silver,Thales Rimoli,Priscila Marques
382194202,Content | Cross,igor,Silver,Thales Rimoli,Priscila Marques
2457362902,Content | Cross,promosdebrother,Silver,Thales Rimoli,Priscila Marques
1896897919,Content | Cross,correqtabaratinho,Silver,Thales Rimoli,Priscila Marques
1434694534,Content | Cross,jogobarato,Silver,Thales Rimoli,Priscila Marques
8964710,Content | Cross,upofertas,Silver,Thales Rimoli,Priscila Marques
224396924,Content | Cross,promo10,Silver,Thales Rimoli,Priscila Marques
33840664,Content | Cross,gatry,Silver,Thales Rimoli,Priscila Marques
802143494,Content | Cross,topvip,Silver,Thales Rimoli,Priscila Marques
198888980,Content | Lifestyle,aryoficial,Silver,Caroline Marion,Renan Oshita
19468151,Content | Lifestyle,andregrondini,Silver,Caroline Marion,Renan Oshita
402250878,Content | Lifestyle,promocoesdemamae,Silver,Caroline Marion,Renan Oshita
281170132,Content | Lifestyle,machomoda,Silver,Caroline Marion,Renan Oshita
1565324511,Content | Lifestyle,ritualdoskincare,Silver,Caroline Marion,Renan Oshita
1089018457,Content | Lifestyle,ofertinhas,Silver,Caroline Marion,Renan Oshita
154221658,Content | Lifestyle,apromoperfeita,Silver,Caroline Marion,Renan Oshita
1039612355,Content | Lifestyle,higorrabeloperfumes,Silver,Caroline Marion,Renan Oshita
1439548649,Content | Lifestyle,promolojas,Silver,Caroline Marion,Renan Oshita
1062207010,Content | Lifestyle,railanerailane20230705133414,Silver,Caroline Marion,Renan Oshita
130560433,Content | Lifestyle,achadinhosdeamigass,Silver,Caroline Marion,Renan Oshita
1454301449,Content | Lifestyle,carolaine_moreira,Silver,Caroline Marion,Renan Oshita
1577887940,Content | Lifestyle,apromomen,Silver,Caroline Marion,Renan Oshita
1493086612,Content | Lifestyle,carolainydrumond,Silver,Caroline Marion,Renan Oshita
1433483327,Content | Lifestyle,promosdenat,Silver,Caroline Marion,Renan Oshita
678670377,Content | Lifestyle,fofocadepromo,Silver,Caroline Marion,Renan Oshita
2355030132,Content | Lifestyle,lcupons,Silver,Caroline Marion,Renan Oshita
1629748942,Content | Lifestyle,achadosdamag,Silver,Caroline Marion,Renan Oshita
1833043019,Content | Lifestyle,achadinhosdaabia,Silver,Caroline Marion,Renan Oshita
749072374,Content | Lifestyle,stellamedeirosa,Silver,Caroline Marion,Renan Oshita
2018031282,Content | Lifestyle,descontinhodemamae,Silver,Caroline Marion,Renan Oshita
1799164964,Content | Lifestyle,anabeltrandicas,Silver,Caroline Marion,Renan Oshita
508791975,Content | Lifestyle,queridoquerido,Silver,Caroline Marion,Renan Oshita
1711897713,Content | Lifestyle,bigr20240305130819,Silver,Caroline Marion,Renan Oshita
6454024,Content | Lifestyle,mamaeeconomica,Silver,Caroline Marion,Renan Oshita
1428348382,Content | Lifestyle,promosdaheydi,Silver,Caroline Marion,Renan Oshita
1116916668,Content | Lifestyle,compartilhandopromoo,Silver,Caroline Marion,Renan Oshita
1273009574,Content | Lifestyle,organizavoce,Silver,Caroline Marion,Renan Oshita
1231254149,Content | Lifestyle,tenislinks,Silver,Caroline Marion,Renan Oshita
2002635933,Content | Lifestyle,comparebaby,Silver,Caroline Marion,Renan Oshita
1000721580,Content | Lifestyle,gatasdegrife,Silver,Caroline Marion,Renan Oshita
2296094924,Content | Lifestyle,dudufernandes,Silver,Caroline Marion,Renan Oshita
1436537652,Content | Lifestyle,clubebabypromos,Silver,Caroline Marion,Renan Oshita
https://t.me/achadinhossdepromo,Content | Lifestyle,kk20230720165842,Silver,Caroline Marion,Renan Oshita
200159850,Content | Lifestyle,diariodapromo,Silver,Caroline Marion,Renan Oshita
565785079,Content | Lifestyle,dicasdalima,Silver,Caroline Marion,Renan Oshita
2901295274,Content | Lifestyle,achadosdaraina,Silver,Caroline Marion,Renan Oshita
192108822,Content | Lifestyle,ghlu3940964,Bronze,Caroline Marion,Renan Oshita
261766502,Content | Lifestyle,sereiapromo,Bronze,Caroline Marion,Renan Oshita
190396660,Content | Lifestyle,lea.fabullosa14,Bronze,Caroline Marion,Renan Oshita
98120725,Content | Lifestyle,moisesnairon,Bronze,Caroline Marion,Renan Oshita
222773587,Content | Lifestyle,mamaedicas,Bronze,Caroline Marion,Renan Oshita
291812584,Content | Lifestyle,Julio Cezar,Bronze,Caroline Marion,Renan Oshita
490589317,Content | Lifestyle,vendasfmg,Bronze,Caroline Marion,Renan Oshita
420553279,Content | Lifestyle,maryajcs,Bronze,Caroline Marion,Renan Oshita
222432233,Content | Lifestyle,54 025 731 ANA LAURA LOPES CAR,Bronze,Caroline Marion,Renan Oshita
214393868,Content | Lifestyle,nufarias,Bronze,Caroline Marion,Renan Oshita
105889403,Content | Lifestyle,yasmin,Bronze,Caroline Marion,Renan Oshita
1423860627,Content | Lifestyle,promostequero,Bronze,Caroline Marion,Renan Oshita
2529067622,Content | Lifestyle,Felipe,Bronze,Caroline Marion,Renan Oshita
1776938790,Content | Lifestyle,diar20240418100341,Bronze,Caroline Marion,Renan Oshita
1444756345,Content | Lifestyle,flapromo,Bronze,Caroline Marion,Renan Oshita
1047116544,Content | Lifestyle,natura,Bronze,Caroline Marion,Renan Oshita
264041761,Content | Lifestyle,adoroprecinho,Bronze,Caroline Marion,Renan Oshita
229837054,Content | Lifestyle,shelovers,Bronze,Caroline Marion,Renan Oshita
2577473496,Content | Lifestyle,pm20250722131714,Bronze,Caroline Marion,Renan Oshita
9110980,Content | Lifestyle,pepperofertas,Bronze,Caroline Marion,Renan Oshita
297863053,Content | Lifestyle,dicasnessa,Bronze,Caroline Marion,Renan Oshita
796286749,Content | Lifestyle,savewhey,Bronze,Caroline Marion,Renan Oshita
1112956306,Content | Lifestyle,monetizacaodevideos,Bronze,Caroline Marion,Renan Oshita
2648870365,Content | Lifestyle,daof20240325204103,Bronze,Caroline Marion,Renan Oshita
1128477483,Content | Lifestyle,acasadoatleta,Bronze,Caroline Marion,Renan Oshita
1486080662,Content | Lifestyle,leticiaapego,Bronze,Caroline Marion,Renan Oshita
707100707,Content | Lifestyle,soutiagoleite,Bronze,Caroline Marion,Renan Oshita
151927388,Content | Lifestyle,gameboxtabuleiro,Bronze,Caroline Marion,Renan Oshita
2342750641,Content | Lifestyle,variaspromos,Bronze,Caroline Marion,Renan Oshita
2070668423,Content | Lifestyle,car_style84,Bronze,Caroline Marion,Renan Oshita
443862360,Content | Lifestyle,moreschi13,Bronze,Caroline Marion,Renan Oshita
140193330,Content | Lifestyle,bibika-melissa13,Bronze,Caroline Marion,Renan Oshita
204594637,Content | Lifestyle,fehsette,Bronze,Caroline Marion,Renan Oshita
186353943,Content | Lifestyle,jessicabarbosa925,Bronze,Caroline Marion,Renan Oshita
200897985,Content | Lifestyle,rodrigocperez,Bronze,Caroline Marion,Renan Oshita
3573775,Content | Lifestyle,reallregy,Bronze,Caroline Marion,Renan Oshita
237714394,Content | Lifestyle,achadinhoscariocas,Bronze,Caroline Marion,Renan Oshita
1162146115,Content | Lifestyle,le_balbi,Bronze,Caroline Marion,Renan Oshita
307709577,Content | Lifestyle,coisamaneira10,Bronze,Caroline Marion,Renan Oshita
426609297,Content | Lifestyle,deborahlaines,Bronze,Caroline Marion,Renan Oshita
1441642808,Content | Lifestyle,nayara.costa32,Bronze,Caroline Marion,Renan Oshita
2478895056,Content | Lifestyle,rphbarros,Bronze,Caroline Marion,Renan Oshita
2205602295,Content | Lifestyle,mimoseofertasbaby,Bronze,Caroline Marion,Renan Oshita
771699768,Content | Lifestyle,promoscatei,Bronze,Caroline Marion,Renan Oshita
269270808,Content | Lifestyle,oemporiodoperfume,Bronze,Caroline Marion,Renan Oshita
1429209372,Content | Lifestyle,oliverparfums,Bronze,Caroline Marion,Renan Oshita
84848607,Content | C&I + F&H,achadosdakei,Bronze,Lucas Vesterman,Rodrigo Nogi
101062228,Content | C&I + F&H,dyanealves,Bronze,Lucas Vesterman,Rodrigo Nogi
1528968155,Content | C&I + F&H,marilupromo,Bronze,Lucas Vesterman,Rodrigo Nogi
2191021575,Content | C&I + F&H,dozeroaolar_,Bronze,Lucas Vesterman,Rodrigo Nogi
1497443964,Content | C&I + F&H,oficinagaragem,Bronze,Lucas Vesterman,Rodrigo Nogi
323696728,Content | C&I + F&H,dicadarafa,Bronze,Lucas Vesterman,Rodrigo Nogi
206813338,Content | C&I + F&H,joycebbraga,Bronze,Lucas Vesterman,Rodrigo Nogi
530107413,Content | C&I + F&H,wilyanes25,Bronze,Lucas Vesterman,Rodrigo Nogi
1440823950,Content | C&I + F&H,leiladuraes,Bronze,Lucas Vesterman,Rodrigo Nogi
1584221922,Content | C&I + F&H,hqbarata,Bronze,Lucas Vesterman,Rodrigo Nogi
94733098,Content | C&I + F&H,achadosprincipais,Bronze,Lucas Vesterman,Rodrigo Nogi
186339147,Content | C&I + F&H,generalac,Bronze,Lucas Vesterman,Rodrigo Nogi
491946853,Content | C&I + F&H,gyyselly.gomez,Bronze,Lucas Vesterman,Rodrigo Nogi
1045329161,Content | C&I + F&H,promodafeh,Bronze,Lucas Vesterman,Rodrigo Nogi
1569314798,Content | C&I + F&H,tecnauta,Bronze,Lucas Vesterman,Rodrigo Nogi
529542790,Content | C&I + F&H,Thaune Vasconcellos,Bronze,Lucas Vesterman,Rodrigo Nogi
2242409334,Content | C&I + F&H,letrajotaindicacao,Bronze,Lucas Vesterman,Rodrigo Nogi
28030293,Content | C&I + F&H,A casa da Nath,Bronze,Lucas Vesterman,Rodrigo Nogi
227069148,Content | C&I + F&H,Joao Victor,Gold,Lucas Vesterman,Rodrigo Nogi
1798042044,Content | C&I + F&H,leticiabraga,Gold,Lucas Vesterman,Rodrigo Nogi
2057503925,Content | C&I + F&H,ofertasdacasamoderna,Gold,Lucas Vesterman,Rodrigo Nogi
350081684,Content | C&I + F&H,laisanevesb,Gold,Lucas Vesterman,Rodrigo Nogi
181507452,Content | C&I + F&H,bizuparacasa,Gold,Lucas Vesterman,Rodrigo Nogi
51373164,Content | C&I + F&H,emiliastep,Gold,Lucas Vesterman,Rodrigo Nogi
1212259006,Content | C&I + F&H,enxovaldecasanovaa,Gold,Lucas Vesterman,Rodrigo Nogi
2690177408,Content | C&I + F&H,l20250913005032,Gold,Lucas Vesterman,Rodrigo Nogi
1080474231,Content | C&I + F&H,cu20241019112249,Gold,Lucas Vesterman,Rodrigo Nogi
15479744,Content | C&I + F&H,tedouumdesconto,Gold,Lucas Vesterman,Rodrigo Nogi
2530242411,Content | C&I + F&H,aa20250703094505,Gold,Lucas Vesterman,Rodrigo Nogi
1463221781,Content | C&I + F&H,alvesjoel20230829033405,Gold,Lucas Vesterman,Rodrigo Nogi
193090448,Content | C&I + F&H,fabiohenriquerojas,Gold,Lucas Vesterman,Rodrigo Nogi
1334764746,Content | C&I + F&H,eieutil,Silver,Lucas Vesterman,Rodrigo Nogi
1381379875,Content | C&I + F&H,home-deofertas,Silver,Lucas Vesterman,Rodrigo Nogi
1782346872,Content | C&I + F&H,queridoachado,Silver,Lucas Vesterman,Rodrigo Nogi
277875863,Content | C&I + F&H,boal9312648,Silver,Lucas Vesterman,Rodrigo Nogi
1284825937,Content | C&I + F&H,custobeneficio,Silver,Lucas Vesterman,Rodrigo Nogi
659377853,Content | C&I + F&H,achadinhosdaflavia,Silver,Lucas Vesterman,Rodrigo Nogi
184149549,Content | C&I + F&H,madrugaodasofertas,Silver,Lucas Vesterman,Rodrigo Nogi
831284297,Content | C&I + F&H,casanovasv,Silver,Lucas Vesterman,Rodrigo Nogi
105244951,Content | C&I + F&H,piresmarcelo,Silver,Lucas Vesterman,Rodrigo Nogi
1457548566,Content | C&I + F&H,rodrigoferrari,Silver,Lucas Vesterman,Rodrigo Nogi
136041603,Content | C&I + F&H,bernardodoertzbacher123,Silver,Lucas Vesterman,Rodrigo Nogi
185995823,Content | C&I + F&H,paulinhaboque,Silver,Lucas Vesterman,Rodrigo Nogi
160680996,Content | C&I + F&H,leandrolacerdasantos,Silver,Lucas Vesterman,Rodrigo Nogi
140924150,Content | C&I + F&H,maximodenis06,Silver,Lucas Vesterman,Rodrigo Nogi
6034265,Content | C&I + F&H,natingraci,Silver,Lucas Vesterman,Rodrigo Nogi
1088168690,Content | C&I + F&H,achados_uai,Bronze,Lucas Vesterman,Rodrigo Nogi
47190880,Content | Other,garagemdobuda,Bronze,Lucas Vesterman,Rodrigo Nogi
493772551,Content | Other,cristiano,Bronze,Lucas Vesterman,Rodrigo Nogi
195263497,Content | Other,rotaspelomundo,Bronze,Lucas Vesterman,Rodrigo Nogi
43288841,Content | Other,clederrs,Bronze,Lucas Vesterman,Rodrigo Nogi
95228583,Content | Other,eduardoaquino,Bronze,Lucas Vesterman,Rodrigo Nogi
1433928862,Content | Other,opiniaosincera,Bronze,Lucas Vesterman,Rodrigo Nogi
5399188,Content | Other,castrol5745,Gold,Lucas Vesterman,Rodrigo Nogi
619686179,Content | Other,MNW Educacao e Tecnologia LTDA MNW Educacao e Tecnologia LTDA,Gold,Lucas Vesterman,Rodrigo Nogi
2689238731,Content | Other,rodrigo,Gold,Lucas Vesterman,Rodrigo Nogi
2128299586,Content | Other,esser,Gold,Lucas Vesterman,Rodrigo Nogi
1881432257,Content | Other,guiasdeprodutos,Gold,Lucas Vesterman,Rodrigo Nogi
203854160,Content | Other,sc_servicos,Silver,Lucas Vesterman,Rodrigo Nogi
127160608,Content | Other,lucasviper,Silver,Lucas Vesterman,Rodrigo Nogi
105687473,Content | Other,canaldamecanica,Bronze,Lucas Vesterman,Rodrigo Nogi
1813105314,Content | C&I + F&H,homegaabycosta,Bronze,Lucas Vesterman,Rodrigo Nogi
168445950,Content | C&I + F&H,tecnicosincero,Bronze,Lucas Vesterman,Rodrigo Nogi
239133648,Content | C&I + F&H,promobugs,Bronze,Lucas Vesterman,Rodrigo Nogi
166607266,Content | C&I + F&H,gleicee.oliveira,Bronze,Lucas Vesterman,Rodrigo Nogi
261019954,Content | C&I + F&H,catielekrug,Bronze,Lucas Vesterman,Rodrigo Nogi
1075346989,Content | C&I + F&H,detectaofertas,Bronze,Lucas Vesterman,Rodrigo Nogi
255720695,Content | C&I + F&H,pandinhapromocoes,Bronze,Lucas Vesterman,Rodrigo Nogi
2621617085,Content | C&I + F&H,Achadinhos das primas,Bronze,Lucas Vesterman,Rodrigo Nogi
584138762,Content | C&I + F&H,kaylafraga27@gmail.com,Bronze,Lucas Vesterman,Rodrigo Nogi
243975250,Content | C&I + F&H,Achadinhoss,Bronze,Lucas Vesterman,Rodrigo Nogi
207302282,Content | Cross,promos4m,Platinum,Thales Rimoli,Thales Rimoli
555414187,Content | Cross,Xetdaspromocoes,Platinum,Thales Rimoli,Thales Rimoli
1445776663,Content | Cross,JCAPUBLICIDADE,Platinum,Thales Rimoli,Thales Rimoli
1454842874,Content | Cross,promocaozinha,Platinum,Thales Rimoli,Thales Rimoli
2490611911,Content | Cross,promozonevip,Platinum,Thales Rimoli,Thales Rimoli
1477497679,Content | Cross,minutoreview,Platinum,Thales Rimoli,Thales Rimoli
488851324,Content | Cross,promosdodia,Platinum,Thales Rimoli,Thales Rimoli
1286635153,Content | Cross,economizei,Platinum,Thales Rimoli,Thales Rimoli
1236298302,Content | TE & HE,jersu,Platinum,Thales Rimoli,Thales Rimoli
1211756872,Content | TE & HE,lipe,Platinum,Thales Rimoli,Thales Rimoli
1464475202,Content | TE & HE,joaopsx,Platinum,Thales Rimoli,Thales Rimoli
1317961778,Content | TE & HE,thautec,Platinum,Thales Rimoli,Thales Rimoli
1245410086,Content | TE & HE,tukemperial,Platinum,Thales Rimoli,Thales Rimoli
1490703847,Content | Lifestyle,elacompra,Bronze,Caroline Marion,Gabriela Oliveira