cust_id,Classificação Atual,deals group on wpp?,STATUS,LINK_OK
1156678,Bronze,Tem grupo,Grupo,https://chat.whatsapp.com/DPhMOhEaNGHGQ0zX6HKzbw
1156678,Bronze,Tem grupo,Grupo,https://chat.whatsapp.com/LhEesLBny7XGu7XOrPOSq6
3573775,Bronze,Tem grupo,Grupo,https://chat.whatsapp.com/B74jYLXhWTwJtf9mnGWsIX
4621837,Silver,Tem grupo,Grupo,https://chat.whatsapp.com/BlTkcObNkq5EmBPFVb78Mv
4621837,Silver,Tem grupo,Grupo,https://chat.whatsapp.com/D2bmqI22nH555DlWj7aM3K
4621837,Silver,Tem grupo,Grupo,https://chat.whatsapp.com/GmI26OQ0F5i9LD8MXFa0L4
4621837,Silver,Tem grupo,Grupo,https://chat.whatsapp.com/IJRkxJnn0m92UrjuSlYdQA
4621837,Silver,Tem grupo,Grupo,https://chat.whatsapp.com/JbwgPy85SHPE8OwRXMyVqe
6454024,Silver,Tem grupo,Grupo,https://chat.whatsapp.com/FSFrucHSylmCoY6RrYP9DA
8467064,Bronze,Tem grupo,Canal,https://www.whatsapp.com/channel/0029VbBdHaXDDmFOwpEd5u0f
19468151,Silver,Tem grupo,Grupo,https://chat.whatsapp.com/CSrJoCiWmbO7iynIOv6GgT
19468151,Silver,Tem grupo,Grupo,https://chat.whatsapp.com/D9gOSSw2qwJLEReaXBNklY
19468151,Silver,Tem grupo,Grupo,https://chat.whatsapp.com/E4hF8QbcKen6PTAIttYP2t
19468151,Silver,Tem grupo,Grupo,https://chat.whatsapp.com/FX5vpiY6EYeFzI2AZR5tal
30107921,Bronze,Tem grupo,Grupo,https://chat.whatsapp.com/KNG2idz9p0A7HhgKxDhj5E
44352982,Gold,Tem grupo,Canal,https://www.whatsapp.com/channel/0029Vb6EHc1KmCPTwxvrbT10
45185619,Bronze,Tem grupo,Grupo,https://chat.whatsapp.com/HqjX04hPBuc5VzeJvLVJwY
47190880,Bronze,Tem grupo,Grupo,https://chat.whatsapp.com/IglXEIKL0X6Fco4ika2iz5
47897711,Bronze,Tem grupo,Grupo,https://chat.whatsapp.com/DiaQsENFguqJvobfT8ohim
47897711,Bronze,Tem grupo,Grupo,https://chat.whatsapp.com/GgbR17qZjzdHsc2IkgU7lJ
47897711,Bronze,Tem grupo,Grupo,https://chat.whatsapp.com/HXvXr90j74m113p6emEmPa
48673895,Bronze,Tem grupo,Grupo,https://chat.whatsapp.com/CYbt8ShKE0CAT89gngsMpq
48673895,Bronze,Tem grupo,Grupo,https://chat.whatsapp.com/DAwblwg1Vq05HUt3sggAiK
48673895,Bronze,Tem grupo,Grupo,https://chat.whatsapp.com/DWDwzf67UGk5aP5lHgfUdX
48673895,Bronze,Tem grupo,Grupo,https://chat.whatsapp.com/E5yThTSDBji1dAhY4aip0k
48673895,Bronze,Tem grupo,Grupo,https://chat.whatsapp.com/FG8jMPybMgC5rNlcWr0NPI
48673895,Bronze,Tem grupo,Grupo,https://chat.whatsapp.com/GPZB9ZRXoMR0YVJdRFWsko
48673895,Bronze,Tem grupo,Grupo,https://chat.whatsapp.com/GyhIqsJpPzp4PCN5QDPXOy
48673895,Bronze,Tem grupo,Grupo,https://chat.whatsapp.com/KkPe3I1QpGqJaxOyHa4PUr
48673895,Bronze,Tem grupo,Grupo,https://chat.whatsapp.com/LtZzlIGNhuVByTZzHxaDeh
48673895,Bronze,Tem grupo,Canal,https://whatsapp.com/channel/0029VaAjS53B4hdTFeuFFj21
51597294,Silver,Tem grupo,Canal,https://whatsapp.com/channel/0029Var77uB9Gv7MiEk3zM0p
51908994,Bronze,Tem grupo,Grupo,https://chat.whatsapp.com/JZRnJkTAZNtH0YXBg0QdmS
54685868,Silver,Tem grupo,Grupo,https://chat.whatsapp.com/ByR4LiHfPZtIEZVDccJUBU
54685868,Silver,Tem grupo,Grupo,https://chat.whatsapp.com/DOVgmUh6TL6B2AUDts2G7o
54685868,Silver,Tem grupo,Grupo,https://chat.whatsapp.com/DqGxOecCyYH2iiBeCUNTrk
54685868,Silver,Tem grupo,Grupo,https://chat.whatsapp.com/FduHMOs6Ne8Fk4kZR3df2d
54685868,Silver,Tem grupo,Grupo,https://chat.whatsapp.com/FWuq09P5lalAITxPROuT8C
54685868,Silver,Tem grupo,Grupo,https://chat.whatsapp.com/GHPVVLZg1BJAs0xSDhoOzw
54685868,Silver,Tem grupo,Grupo,https://chat.whatsapp.com/IgPrPrchI9C9YXs1BqqsxN
54685868,Silver,Tem grupo,Grupo,https://chat.whatsapp.com/IHrJ6HeWzxhHAqW4dw7Q3G
54685868,Silver,Tem grupo,Grupo,https://chat.whatsapp.com/IZKOCY2YspHKpIz5k8sDFr
54685868,Silver,Tem grupo,Grupo,https://chat.whatsapp.com/KSxfXmjQaDTI14as3mXxbW
54887919,Bronze,Tem grupo,Grupo,https://chat.whatsapp.com/BRi7hA0DnbXB1y8cQgNhKN
54887919,Bronze,Tem grupo,Grupo,https://chat.whatsapp.com/DfJMYWyaP9LAIS85qTgC8d
54887919,Bronze,Tem grupo,Grupo,https://chat.whatsapp.com/Er9wT9GOimzFDXTFtntAwV
54887919,Bronze,Tem grupo,Grupo,https://chat.whatsapp.com/IDDcGwctMn9JjZu2LNEkvp
59018115,Bronze,Tem grupo,Grupo,https://chat.whatsapp.com/Jl7c2FyLSck7H9n8066kfB
75387792,Bronze,Tem grupo,Canal,https://www.whatsapp.com/channel/0029VbBhzuQLtOj9cerbqT1R
76331531,Gold,Tem grupo,Grupo,https://chat.whatsapp.com/H1D0o274zFr9tn7j6zuXFu
79957918,Bronze,Tem grupo,Grupo,https://chat.whatsapp.com/Blf30ljQJrMHkJU9O95M1B
79957918,Bronze,Tem grupo,Grupo,https://chat.whatsapp.com/KFBhBQzx1msGeI9ZSWBGYM
81075199,Silver,Tem grupo,Grupo,https://chat.whatsapp.com/BlrfW6AFLntL7AQf5MXk4X
81075199,Silver,Tem grupo,Grupo,https://chat.whatsapp.com/FTlT2TnWWoaK4VBGLBiRhs
81075199,Silver,Tem grupo,Grupo,https://chat.whatsapp.com/GQ8jYd30Zs281pZwjFj0wI
83215915,Bronze,Tem grupo,Canal,https://www.whatsapp.com/channel/0029Va7jECnCcW4tZ15e8v1v
84848607,Bronze,Tem grupo,Grupo,https://chat.whatsapp.com/KZqNKZ8s7LK8Qb1E7LLRLI
85783542,Bronze,Tem grupo,Grupo,https://chat.whatsapp.com/D0BHUR4FcN268LsrdkU9ei
85783542,Bronze,Tem grupo,Grupo,https://chat.whatsapp.com/JSkVwbRqbMAK3ZmQi8SGRI
85783542,Bronze,Tem grupo,Grupo,https://chat.whatsapp.com/KdDOJ33gNav01vnAokWFCo
85783542,Bronze,Tem grupo,Grupo,https://chat.whatsapp.com/LIaCdgbeHeR8N4w7oY0yFs
89888506,Gold,Tem grupo,Canal,https://www.whatsapp.com/channel/0029Vb6r5APCRs1p922GQk3R
92792646,Silver,Tem grupo,Grupo,https://chat.whatsapp.com/GQYzvIVqQqaHShsUod5G15
98661101,Silver,Tem grupo,Grupo,https://chat.whatsapp.com/IP7vNMXAze68XRA2syTJc6
99920305,Bronze,Tem grupo,Grupo,https://chat.whatsapp.com/LaIT7T7Lnm61tYbSRXlwfi
101062228,Bronze,Tem grupo,Grupo,https://chat.whatsapp.com/BxcqkDDIOM5DsnpQCLct7y
101062228,Bronze,Tem grupo,Grupo,https://chat.whatsapp.com/HNbVMlI7xY959mtzT91tWU
103593513,Silver,Tem grupo,Grupo,https://chat.whatsapp.com/Bs0eTp3UgLP5B4XUuN5bce
103593513,Silver,Tem grupo,Grupo,https://chat.whatsapp.com/BXq59cORgpfGQC5B5QnQ1b
103593513,Silver,Tem grupo,Grupo,https://chat.whatsapp.com/CQmYHNIcbahAj6SVBSPVrt
103593513,Silver,Tem grupo,Grupo,https://chat.whatsapp.com/D6hkWGoNmoa1JyY5Ona7MN
103593513,Silver,Tem grupo,Grupo,https://chat.whatsapp.com/DDysjtFQtmI2UoINFU1uup
103593513,Silver,Tem grupo,Grupo,https://chat.whatsapp.com/IIkAJYKhLHU8np2mykJe8J
103593513,Silver,Tem grupo,Grupo,https://chat.whatsapp.com/IvPNvSlZaYWJqmVWURGWZS
103593513,Silver,Tem grupo,Grupo,https://chat.whatsapp.com/IzJteA86USJ0J39ssXQUE1
103593513,Silver,Tem grupo,Grupo,https://chat.whatsapp.com/Jk8OCozNcue8Mv0XoYUwtr
103593513,Silver,Tem grupo,Grupo,https://chat.whatsapp.com/LmvqAwQpM7UEL15jDPJrNy
107916024,Bronze,Tem grupo,Grupo,https://chat.whatsapp.com/IVpd2jrQu7NE3tWCpQdsEA
116913346,Bronze,Tem grupo,Grupo,https://chat.whatsapp.com/E7dx90gbxYDATKFNFmB9cd
116913346,Bronze,Tem grupo,Grupo,https://chat.whatsapp.com/HM6ZWEDrIOWIJtATlEsYdN
119153550,Bronze,Tem grupo,Grupo,https://chat.whatsapp.com/H7b70IeJmt4JLhVwlTzXKt
126659569,Bronze,Tem grupo,Grupo,https://chat.whatsapp.com/KFCBOwt8UCJ7ohDqz5IQpq
127000419,Silver,Tem grupo,Grupo,https://chat.whatsapp.com/86mCYAaUVRz414ge77kXEj
127000419,Silver,Tem grupo,Grupo,https://chat.whatsapp.com/8csxE4cpAJECosjoil6ljT
127000419,Silver,Tem grupo,Grupo,https://chat.whatsapp.com/93LXSioagaoBDor4zWvLNC
127417620,Silver,Tem grupo,Grupo,https://chat.whatsapp.com/GJnYrne3KFxK2fapjnDcBm
127417620,Silver,Tem grupo,Grupo,https://chat.whatsapp.com/Jpt2VJMvm666nfc2zGCR21
127813707,Bronze,Tem grupo,Grupo,https://chat.whatsapp.com/IcXesEognoYBVkT3XgX3Uo
129155745,Bronze,Tem grupo,Grupo,https://chat.whatsapp.com/J3KuIi9m5FKHvjpTFp9xcx
129429765,Gold,Tem grupo,Grupo,https://chat.whatsapp.com/LcJ4nacBzODJ56u4VWXKpK
129772863,Silver,Tem grupo,Grupo,https://chat.whatsapp.com/C4J7WY35sWX0yGsOtcEsg5
129772863,Silver,Tem grupo,Grupo,https://chat.whatsapp.com/EgkspEb3wfuCI6MpkiNaaY
129772863,Silver,Tem grupo,Canal,https://whatsapp.com/channel/0029Val1k356LwHr7oTw2e2D
129828195,Gold,Tem grupo,Grupo,https://chat.whatsapp.com/EunVDudvQH3E4lZMDbNRVi
133467538,Silver,Tem grupo,Grupo,https://chat.whatsapp.com/BkiWamXMtRJBq0C81r5Daa
133467538,Silver,Tem grupo,Grupo,https://chat.whatsapp.com/BO5paSxftNg2oaH1yjpMQd
133467538,Silver,Tem grupo,Grupo,https://chat.whatsapp.com/BS66ClwRevPEs87P4lNc3C
133467538,Silver,Tem grupo,Grupo,https://chat.whatsapp.com/G5wLkzZkT9s8CquuMAk0Wh
133467538,Silver,Tem grupo,Grupo,https://chat.whatsapp.com/IP5BlcjHgySDHBLnCch8UM
133993243,Silver,Tem grupo,Grupo,https://chat.whatsapp.com/G6nAd5iRya39p0aW79o0iK
134739278,Silver,Tem grupo,Grupo,https://chat.whatsapp.com/CYvzoimZmm8E3j0hM2egoW
138261262,Silver,Tem grupo,Canal,https://www.whatsapp.com/channel/0029VaCTnqqC6ZvoL9Zt6n3L
138261262,Silver,Tem grupo,Canal,https://www.whatsapp.com/channel/0029Vb6knTI7z4kgXAHrcE0B
138261262,Silver,Tem grupo,Canal,https://www.whatsapp.com/channel/0029VbAbvZtK0IBeMfadUW0D
141137057,Gold,Tem grupo,Grupo,https://chat.whatsapp.com/JuniiVMAE5CJ4Bvx06qrVe
144342229,Bronze,Tem grupo,Grupo,https://chat.whatsapp.com/J2gHoyWP2y98QdTX0W7U70
145151245,Bronze,Tem grupo,Canal,https://whatsapp.com/channel/0029VaniZFRB4hdLFaXPEs12
145151245,Bronze,Tem grupo,Canal,https://whatsapp.com/channel/0029VbC94dNJUM2WHxnpcb1L
147294155,Bronze,Tem grupo,Grupo,https://chat.whatsapp.com/GlZbsfe4H0q7GdhETjruhL
149518102,Silver,Tem grupo,Grupo,https://chat.whatsapp.com/DPSge6JrWbRBHGU13akE6T
151927388,Bronze,Tem grupo,Grupo,https://chat.whatsapp.com/F8Iuf8PvkJIK2Xz8IjEzfo
151927388,Bronze,Tem grupo,Grupo,https://chat.whatsapp.com/LvyUihHaELRIBZDwmKRfIw
152436288,Silver,Tem grupo,Grupo,https://chat.whatsapp.com/BfBkmyemsuGBkik1z0Syk7
152450825,Bronze,Tem grupo,Grupo,https://chat.whatsapp.com/EcTQztvLD2kJJZXu3mhVkY
152450825,Bronze,Tem grupo,Grupo,https://chat.whatsapp.com/HWv69Z03AznLs4EFjBM69S
152450825,Bronze,Tem grupo,Grupo,https://chat.whatsapp.com/LPqCNLcBdcG72dBlp2ykQY
154221658,Silver,Tem grupo,Grupo,https://chat.whatsapp.com/FAj3NgKn5D9JX9S6yXTFzm
155205923,Bronze,Tem grupo,Grupo,https://chat.whatsapp.com/Fqs3irXV9Lj57sk4MKNfBd
155205923,Bronze,Tem grupo,Grupo,https://chat.whatsapp.com/GdY4N7aqCv13r3uZ6qdx2L
155523724,Gold,Tem grupo,Grupo,https://chat.whatsapp.com/LmSpg1uExmV4ySZd21OnWB
157729823,Bronze,Tem grupo,Canal,https://whatsapp.com/channel/0029VaYSR7LJ93wb5eyDRq0j
161561413,Bronze,Tem grupo,Grupo,https://chat.whatsapp.com/G8utQ3OiM2KFHpattVAwBZ
161561413,Bronze,Tem grupo,Grupo,https://chat.whatsapp.com/H4QRkkslVllBt84K0YiGQs
161561413,Bronze,Tem grupo,Grupo,https://chat.whatsapp.com/Ll8yfW9FVCiLEkoCCVogem
161561413,Bronze,Tem grupo,Grupo,https://chat.whatsapp.com/LMoMeq9XOtsK1fYNh88QcJ
161660180,Bronze,Tem grupo,Grupo,https://chat.whatsapp.com/EJGV6vSfWXsB4JCDo5RfB6
161660180,Bronze,Tem grupo,Grupo,https://chat.whatsapp.com/JIhNLKlvwJQLTGKUjPi5BP
163733884,Bronze,Tem grupo,Grupo,https://chat.whatsapp.com/CxuUhB4Rw2KC7MWHnm8cBo
165269796,Silver,Tem grupo,Canal,https://whatsapp.com/channel/0029Vb6KTOB0LKZN2ee2co0y
167650333,Bronze,Tem grupo,Canal,https://whatsapp.com/channel/0029VbB2qh4KwqSSQ7RSEf0Z
168939981,Bronze,Tem grupo,Grupo,https://chat.whatsapp.com/D6Ju7U58xCB0dJFgoBxWMF 
168939981,Bronze,Tem grupo,Grupo,https://chat.whatsapp.com/DM21OZssHhND9KTmBeJo96
168939981,Bronze,Tem grupo,Grupo,https://chat.whatsapp.com/EgGLlQuLsG97OdRl3EwdKp
168939981,Bronze,Tem grupo,Grupo,https://chat.whatsapp.com/EoqCQWPYZYz1iQW8hUIX2m
168939981,Bronze,Tem grupo,Grupo,https://chat.whatsapp.com/FTGYkkTB8GY2TCdV8pOaGE
168939981,Bronze,Tem grupo,Grupo,https://chat.whatsapp.com/J8J4gZmdJ5I9WXqnzq4RU9
172632957,Bronze,Tem grupo,Grupo,https://chat.whatsapp.com/F7VlUADlkKwGwp3GBWM9b1
172632957,Bronze,Tem grupo,Grupo,https://chat.whatsapp.com/L49iHXodLBg8HfnluzFvvv
172678449,Bronze,Tem grupo,Grupo,https://chat.whatsapp.com/CipST1WEa0QHV7EVQz3dQu
172678449,Bronze,Tem grupo,Grupo,https://chat.whatsapp.com/EavEYGowNOtIALskZvUlSN
172678449,Bronze,Tem grupo,Grupo,https://chat.whatsapp.com/FmFnv9Wou2qKptRvaCNMve
172678449,Bronze,Tem grupo,Grupo,https://chat.whatsapp.com/L19cuccbidP20CNoYJQuCF
173454411,Silver,Tem grupo,Grupo,https://chat.whatsapp.com/CiyFk5mh0R1EIfnDF5hqEy
173454411,Silver,Tem grupo,Grupo,https://chat.whatsapp.com/DE7EtyZ9iQ3LyP9xeGMZZj
173454411,Silver,Tem grupo,Grupo,https://chat.whatsapp.com/G8Acu2TcUlw4LFGaTbmByY
173454411,Silver,Tem grupo,Grupo,https://chat.whatsapp.com/I7A429SJDEZLbYHjyYUjrD
173454411,Silver,Tem grupo,Grupo,https://chat.whatsapp.com/IJ3bzlsBmQB0ILR4C8LLN2
173454411,Silver,Tem grupo,Grupo,https://chat.whatsapp.com/ILDFyZcupT48Lyn7BD2ugx
173454411,Silver,Tem grupo,Grupo,https://chat.whatsapp.com/JvruewYqqXqKDzWZSSRvCL
173454411,Silver,Tem grupo,Grupo,https://chat.whatsapp.com/LaWPZhTnbn81EXdneJVnvV
177778397,Bronze,Tem grupo,Grupo,https://chat.whatsapp.com/LtYzU2gOTkfE58WqRwwatH
178031903,Bronze,Tem grupo,Grupo,https://chat.whatsapp.com/B4hneW5f4188GBsNQzY4AS
178031903,Bronze,Tem grupo,Grupo,https://chat.whatsapp.com/CyeTMTkOzu283yCgttHFth
178031903,Bronze,Tem grupo,Grupo,https://chat.whatsapp.com/EGvN66Iis7752TTCbTpNi3
178031903,Bronze,Tem grupo,Grupo,https://chat.whatsapp.com/EKiulSWKrKDI0FQAg6pjLV
178031903,Bronze,Tem grupo,Grupo,https://chat.whatsapp.com/KKEGuduBHtXGawPQyGkiGh
178031903,Bronze,Tem grupo,Grupo,https://chat.whatsapp.com/KYK0pkV133P5dW86j2YoUu
178031903,Bronze,Tem grupo,Grupo,https://chat.whatsapp.com/Lqpc4YDrq5Y0wOCmeCkIFZ
178915286,Bronze,Tem grupo,Grupo,https://chat.whatsapp.com/Gjn7jhEcEyq0FjxCJll5Mx
179805980,Bronze,Tem grupo,Grupo,https://chat.whatsapp.com/EYlCCSV04iWCtmGvNO2TtA
181507452,Gold,Tem grupo,Canal,https://whatsapp.com/channel/0029Vb1VwZ06hENuJrdxmC37
182127937,Silver,Tem grupo,Grupo,https://chat.whatsapp.com/JacwIV6CLom60nkpYBbMwp
183117136,Bronze,Tem grupo,Grupo,https://chat.whatsapp.com/HpO4DH6vdcqFJfVWwxD8U7
186353943,Bronze,Tem grupo,Grupo,https://chat.whatsapp.com/BuTil6mJ6gN14y3cKgqg2F
186778702,Bronze,Tem grupo,Grupo,https://chat.whatsapp.com/FhEZ35BVmBVDshfzNsB6X1
186825611,Bronze,Tem grupo,Grupo,https://chat.whatsapp.com/DyQAQszBnTIEJsFUoLMpWk
186825611,Bronze,Tem grupo,Grupo,https://chat.whatsapp.com/EGgsMY4LY2cGxAEcrDeqPG
186825611,Bronze,Tem grupo,Grupo,https://chat.whatsapp.com/EihRyuST3waIqMU1Bhnjw3
186825611,Bronze,Tem grupo,Grupo,https://chat.whatsapp.com/Iy2El9RKJ378pKhkBUCsQk
186825611,Bronze,Tem grupo,Grupo,https://chat.whatsapp.com/JbzoIvAQVSIKdzMHK1Xuyo
189307190,Silver,Tem grupo,Grupo,https://chat.whatsapp.com/H8EWddEjTvA8nZqXAnTPxu
189407558,Bronze,Tem grupo,Grupo,https://chat.whatsapp.com/KjmW2ZHK0ET3yR55mumHxo
190304867,Bronze,Tem grupo,Grupo,https://chat.whatsapp.com/H7n2SPPkQ3B6I8bXUpFnjq
190304867,Bronze,Tem grupo,Grupo,https://chat.whatsapp.com/Hysc4gtiDeiF0xfuPo71W3
190304867,Bronze,Tem grupo,Grupo,https://chat.whatsapp.com/IiRsOuBEKu20Ad55TK6oQo
190304867,Bronze,Tem grupo,Grupo,https://chat.whatsapp.com/JDXtRXRIHihEC8nN7Xb8Hu
190304867,Bronze,Tem grupo,Grupo,https://chat.whatsapp.com/JHqG1WLlZQPLdw7Bwy3Lmk
190304867,Bronze,Tem grupo,Grupo,https://chat.whatsapp.com/KDXvUQLEupGJEtzI434WcS
190304867,Bronze,Tem grupo,Grupo,https://chat.whatsapp.com/KRcKRnZeLLHH7kxI3nschS
190304867,Bronze,Tem grupo,Canal,https://whatsapp.com/channel/0029Vb69BAfE50UqMJ0dcz34
190396660,Bronze,Tem grupo,Grupo,https://chat.whatsapp.com/Bqrczz1NdwR6HoIf0ZqP10
190396660,Bronze,Tem grupo,Grupo,https://chat.whatsapp.com/EHugkNHXlrhKYYrNeHDJi
190396660,Bronze,Tem grupo,Grupo,https://chat.whatsapp.com/IkpUHgtQC4TKbyc7QHlpPR
190396660,Bronze,Tem grupo,Grupo,https://chat.whatsapp.com/KRKEXWBXwniIAjnE7UHfCp
190396660,Bronze,Tem grupo,Grupo,https://chat.whatsapp.com/LsJuTy3ifbE6HP2gpC12lt
190396660,Bronze,Tem grupo,Canal,https://whatsapp.com/channel/0029Vb6KoZMF6smxNDXXAJ3j
190857011,Bronze,Tem grupo,Grupo,https://chat.whatsapp.com/BDMk3Guusa4IUOaFez7Cea
190857011,Bronze,Tem grupo,Canal,https://whatsapp.com/channel/0029Vajry1P5fM5fBKvOT21A
193597038,Silver,Tem grupo,Grupo,https://chat.whatsapp.com/DOQtqsLnSvNKaYRlfk59E1
193597038,Silver,Tem grupo,Grupo,https://chat.whatsapp.com/LNIC1XngijQK0dqjEBU2y0
194918152,Silver,Tem grupo,Grupo,https://chat.whatsapp.com/ChCgnoCD2a3Fxh8uY672p7
194918152,Silver,Tem grupo,Grupo,https://chat.whatsapp.com/Dr0USirk3jy1aGJdGfrcak
194918152,Silver,Tem grupo,Grupo,https://chat.whatsapp.com/E2zzbhLvQL33B9YaNhk0Rr
194918152,Silver,Tem grupo,Grupo,https://chat.whatsapp.com/I6mxS5ywFDEBJHa6ucEAMa
194918152,Silver,Tem grupo,Grupo,https://chat.whatsapp.com/LFSAK6llaEVEQtUBg6rtIZ
196205822,Silver,Tem grupo,Grupo,https://chat.whatsapp.com/DeWNp1wLc556oFMPzCK1p5
198037158,Silver,Tem grupo,Grupo,https://chat.whatsapp.com/BMldb1uYJKe5mdeU9xf25k
198037158,Silver,Tem grupo,Grupo,https://chat.whatsapp.com/KT0yR4UZkexIhNFxffICNc
199199140,Gold,Tem grupo,Grupo,https://chat.whatsapp.com/DYO3GUfjbNi6ZLlYEBc0hG
200159850,Silver,Tem grupo,Canal,https://www.whatsapp.com/channel/0029Vb6Vz5D3WHTcixlIC035
200355621,Silver,Tem grupo,Grupo,https://chat.whatsapp.com/CcAwjAnNTwf3j8wL5KqrTo
200355621,Silver,Tem grupo,Grupo,https://chat.whatsapp.com/EpsGbGXgvEYBJC9M57n4Ec
200355621,Silver,Tem grupo,Grupo,https://chat.whatsapp.com/IgaWWqDOpnV9uQwvsG50Ge
200355621,Silver,Tem grupo,Grupo,https://chat.whatsapp.com/JajksJwzY4AIy1Zv2Dno9w
200949990,Bronze,Tem grupo,Grupo,https://chat.whatsapp.com/KIupqFGg9l9IBTHq8rlSgQ
202022997,Silver,Tem grupo,Grupo,https://chat.whatsapp.com/L0cgviZ43SD9j6RgA0XL2g
202884905,Bronze,Tem grupo,Grupo,https://chat.whatsapp.com/EPJE6EXyM5A6iOXgnWNqWZ
202884905,Bronze,Tem grupo,Grupo,https://chat.whatsapp.com/JhutaW0siQn3QoZEDAhbgv
202938526,Bronze,Tem grupo,Canal,https://www.whatsapp.com/channel/0029VbBaHiEGU3BIYEcM5T3H
204957772,Bronze,Tem grupo,Grupo,https://chat.whatsapp.com/BSrDYH1kaBj3K5blUhO3d9
205255635,Bronze,Tem grupo,Grupo,https://chat.whatsapp.com/BUhrpi6K2hW89IZpM4edNx
205890946,Bronze,Tem grupo,Grupo,https://chat.whatsapp.com/ENJSrYU3res7ZO65gFFhh7
205890946,Bronze,Tem grupo,Grupo,https://chat.whatsapp.com/HuJoNtnD6rvCx0pPt6u2Hx
205890946,Bronze,Tem grupo,Grupo,https://chat.whatsapp.com/Lg6S8QMMmdx3pkGv77c5GN
206813338,Bronze,Tem grupo,Grupo,https://chat.whatsapp.com/Im30uqf52UwEc52ql0S9li
208763779,Bronze,Tem grupo,Grupo,https://chat.whatsapp.com/BmN9ffDVUwgAC7wPy1Wqrl
209297929,Bronze,Tem grupo,Grupo,https://chat.whatsapp.com/BvmTQaqhkpaE96QMeUUCsc
209297929,Bronze,Tem grupo,Grupo,https://chat.whatsapp.com/D5XalLRU1L207uIgPMMtH5
209297929,Bronze,Tem grupo,Grupo,https://chat.whatsapp.com/EHtpjHn5s4VAIOkpxdhP0F
209297929,Bronze,Tem grupo,Grupo,https://chat.whatsapp.com/EmmRpERwHIn2Ax7mOK2QYf
209297929,Bronze,Tem grupo,Grupo,https://chat.whatsapp.com/EN2MmYxZ427FSTLvdPBfv1
209297929,Bronze,Tem grupo,Grupo,https://chat.whatsapp.com/GCYtFrcgjg25On4NQQLcFT
209297929,Bronze,Tem grupo,Grupo,https://chat.whatsapp.com/J9mxjqTF2VwISrDmqhrHiV
209297929,Bronze,Tem grupo,Grupo,https://chat.whatsapp.com/K4iqeqY1lBIJNxlwBLNKkc
209297929,Bronze,Tem grupo,Grupo,https://chat.whatsapp.com/KUjSQmOP7XDAmMgDyXBSWg
209297929,Bronze,Tem grupo,Grupo,https://chat.whatsapp.com/LKckeIEr5dh9ZjqNNlWqZN
212408657,Bronze,Tem grupo,Grupo,https://chat.whatsapp.com/DBxeUw7yB0xETIBjHlASiq
214152484,Gold,Tem grupo,Grupo,https://chat.whatsapp.com/HJKjq4LJrS7KbGSWv04J5P
214393868,Bronze,Tem grupo,Grupo,https://chat.whatsapp.com/DNixN0ZyK3sL7SzzsN3E5v
214393868,Bronze,Tem grupo,Grupo,https://chat.whatsapp.com/Ii5KC25dW5BEEdHIm9U6i5
214393868,Bronze,Tem grupo,Canal,https://whatsapp.com/channel/0029Vas2idCId7nTXkPl0H2e
214393868,Bronze,Tem grupo,Canal,https://whatsapp.com/channel/0029Vb6aFK56mYPFL2KmU22H
215567487,Bronze,Tem grupo,Grupo,https://chat.whatsapp.com/BTzBd9CZROF6fJDAVErMQe
215861349,Bronze,Tem grupo,Grupo,https://chat.whatsapp.com/BATx3ngX7wf4ZJMDvMoWtj
216061197,Bronze,Tem grupo,Grupo,https://chat.whatsapp.com/FJgjCdc3Kaj2V7qzh0HaXW
216487808,Silver,Tem grupo,Grupo,https://chat.whatsapp.com/HpmXo0HU5Lf59J2gFwLpom
216487808,Silver,Tem grupo,Grupo,https://chat.whatsapp.com/JlGoPdnYDaA4nxTMoAUnpx
217901401,Bronze,Tem grupo,Grupo,https://chat.whatsapp.com/FV9tUZPC91hBxtsREeWd7j
221861528,Bronze,Tem grupo,Grupo,https://chat.whatsapp.com/IMOcURMw4WtDUkLzbidJI8
222432233,Bronze,Tem grupo,Grupo,https://chat.whatsapp.com/L9nU6a7FMwuKxsjme3z7q3
222773587,Bronze,Tem grupo,Grupo,https://chat.whatsapp.com/KdHqQjNeo8c7tBhWHA4k9L
223570809,Silver,Tem grupo,Grupo,https://chat.whatsapp.com/B7e6A1jz5kn9ZaAR8ZVQz4
223570809,Silver,Tem grupo,Grupo,https://chat.whatsapp.com/B8FmNyd0ylcAl3bQBFJzQD
223570809,Silver,Tem grupo,Grupo,https://chat.whatsapp.com/BlCXv1GRlVxC9UHUcFly9Y
223570809,Silver,Tem grupo,Grupo,https://chat.whatsapp.com/EZArg8NVLyhFVWXumpgQhb
223570809,Silver,Tem grupo,Grupo,https://chat.whatsapp.com/F4WN2CEToyt3al4vohnN0S
223570809,Silver,Tem grupo,Grupo,https://chat.whatsapp.com/F5rsTUvu1kU63zMZzAsxLE
223570809,Silver,Tem grupo,Grupo,https://chat.whatsapp.com/FetpVURvh6cBFnYMIjFcNt
223570809,Silver,Tem grupo,Grupo,https://chat.whatsapp.com/G3umeR2zkUa7sn3hCQHbhl
223570809,Silver,Tem grupo,Grupo,https://chat.whatsapp.com/H8wc4qQ5W1pLX71NVyOMus
223570809,Silver,Tem grupo,Grupo,https://chat.whatsapp.com/Hmn0ncTxoWEFq56jKNOtoQ
224396924,Silver,Tem grupo,Grupo,https://chat.whatsapp.com/DttpJssKt3qGSbJ56QIVMC
226046758,Gold,Tem grupo,Grupo,https://chat.whatsapp.com/DzX3pY1A2rO2YNSNOqDJMI
227069148,Gold,Tem grupo,Grupo,https://chat.whatsapp.com/KIVUNH9QcnSHbZTRsyF0Eg
228129723,Bronze,Tem grupo,Grupo,https://chat.whatsapp.com/IvriEJYVnVtE0b9KojDwCR
229491441,Bronze,Tem grupo,Grupo,https://chat.whatsapp.com/C7mR388Mhe97YpxjrS2kvO
229491441,Bronze,Tem grupo,Grupo,https://chat.whatsapp.com/CmPJztgZAAnDkktKzupn4f
230037521,Bronze,Tem grupo,Grupo,https://chat.whatsapp.com/FST2173m0XNBIT2XGBIKMX
237714394,Bronze,Tem grupo,Grupo,https://chat.whatsapp.com/EhgFmmu99fXG2HEi7vh7bC
238429732,Silver,Tem grupo,Grupo,https://chat.whatsapp.com/JFKcdEfI35rJex3voVqlOl
238429732,Silver,Tem grupo,Canal,‎https://whatsapp.com/channel/0029Vb6QvoALo4heBy63q547
243975250,Bronze,Tem grupo,Grupo,https://chat.whatsapp.com/F9uPnIuk1PsFmPiQ7CjmYq
243975250,Bronze,Tem grupo,Grupo,https://chat.whatsapp.com/I0yeFQLvFnXEnUtPGtFGY8
243975250,Bronze,Tem grupo,Grupo,https://chat.whatsapp.com/IkMPPxiJpNaFpWxtjzo3L5
243975250,Bronze,Tem grupo,Grupo,https://chat.whatsapp.com/L538UZNlLT41x7SysG6Adm
243975250,Bronze,Tem grupo,Grupo,https://chat.whatsapp.com/LPBgRBIlogCLNc0LTPHNKU
246606087,Silver,Tem grupo,Grupo,https://chat.whatsapp.com/F9HGuqqYO4RFmCOQnblB8D
246973604,Bronze,Tem grupo,Grupo,https://chat.whatsapp.com/Eb5QsXKleA4L9Cy5UBkEwr
246973604,Bronze,Tem grupo,Grupo,https://chat.whatsapp.com/Ep6K69nrJbQ7re5TulC53q
246973604,Bronze,Tem grupo,Grupo,https://chat.whatsapp.com/F47MrvssJloJK2VLZIBPXA
246973604,Bronze,Tem grupo,Grupo,https://chat.whatsapp.com/JgixdGlaSbh1lqMkNh9B9m
246973604,Bronze,Tem grupo,Grupo,https://chat.whatsapp.com/JsngEaD61H8I2v2kZziqns
246973604,Bronze,Tem grupo,Grupo,https://chat.whatsapp.com/LqG04ECLwxf3FLbP9PIATR
247374806,Bronze,Tem grupo,Grupo,https://chat.whatsapp.com/DAGYSW0Ta2z4uBgf41JxFA
262663582,Bronze,Tem grupo,Grupo,https://chat.whatsapp.com/J9RzLhuLh3w6EN3uueHrcc
263391604,Gold,Tem grupo,Grupo,https://chat.whatsapp.com/DhkL8uuS1oXKO5Ux9LCkHs
263391604,Gold,Tem grupo,Grupo,https://chat.whatsapp.com/H7aBekHvLhT7tkzBvF0CfB
264041761,Bronze,Tem grupo,Grupo,https://chat.whatsapp.com/DytAPlCQPHRHXLLHDw3js5
268850426,Gold,Tem grupo,Grupo,https://chat.whatsapp.com/LBrUk2OL2cH52HShiCpSMT
269270808,Bronze,Tem grupo,Grupo,https://chat.whatsapp.com/BI694yNBzqsEQcKuP3HB8H
269270808,Bronze,Tem grupo,Grupo,https://chat.whatsapp.com/Goov6WvaP2j584yf5bbnVq
269721398,Bronze,Tem grupo,Grupo,https://chat.whatsapp.com/CRvpD0KdkKb8zK6tOdszJ7
269721398,Bronze,Tem grupo,Grupo,https://chat.whatsapp.com/F1jViMsKHuY7RpCoPoUbhq
269721398,Bronze,Tem grupo,Grupo,https://chat.whatsapp.com/FKCP03nC7DLKYr1sonRws9
269721398,Bronze,Tem grupo,Grupo,https://chat.whatsapp.com/I8W1SLPWixAENPvj8HqLZt
271356022,Bronze,Tem grupo,Grupo,https://chat.whatsapp.com/C86N3jXVyB25xlAjNLen9C
271356022,Bronze,Tem grupo,Grupo,https://chat.whatsapp.com/CrGJ2cgSijm1Xi0mBRjJ4O
271356022,Bronze,Tem grupo,Grupo,https://chat.whatsapp.com/EElWtMtiD3B4xqcYN5X57h
271356022,Bronze,Tem grupo,Grupo,https://chat.whatsapp.com/F5owyoPYzL1HzUSlfMjtml
271356022,Bronze,Tem grupo,Grupo,https://chat.whatsapp.com/H49zUz1Z93809ZS9vJh8Ay
271356022,Bronze,Tem grupo,Grupo,https://chat.whatsapp.com/HqvHVq0zKgt57cJsijQEiI
271356022,Bronze,Tem grupo,Grupo,https://chat.whatsapp.com/HuegMs3z2EJ0Us3jx0jc0q
271356022,Bronze,Tem grupo,Grupo,https://chat.whatsapp.com/HzPI5E97DsD4LJlvVefqve
271356022,Bronze,Tem grupo,Grupo,https://chat.whatsapp.com/I9CvQvNxowb9juJ7vQSIXw
271356022,Bronze,Tem grupo,Grupo,https://chat.whatsapp.com/Jbz0eWdj9fqAZHIALp75c1
271562467,Silver,Tem grupo,Grupo,https://chat.whatsapp.com/EH8QGKRjjkeJyfA0TnGuLp
272209245,Bronze,Tem grupo,Grupo,https://chat.whatsapp.com/7YjXDzQNKAl0Yw0fyqNJww
272209245,Bronze,Tem grupo,Grupo,https://chat.whatsapp.com/BUcdON3N7y430b8WEyCCVs
272209245,Bronze,Tem grupo,Grupo,https://chat.whatsapp.com/EpF3CRsfRAbJCwe838lUoa
272209245,Bronze,Tem grupo,Grupo,https://chat.whatsapp.com/G4qEqccVB5MGITWqNYEH2v
272209245,Bronze,Tem grupo,Grupo,https://chat.whatsapp.com/GhojNvqOEyVG4BkGWxqAOM
272209245,Bronze,Tem grupo,Grupo,https://chat.whatsapp.com/HoPzzAfVHOlFbH1piP2NSv
272209245,Bronze,Tem grupo,Grupo,https://chat.whatsapp.com/Kcu2jRQx6ZPI9OBSQBThlo
273751814,Bronze,Tem grupo,Grupo,https://chat.whatsapp.com/GCgjQyHteZ49QpesP8BdVC
273918121,Bronze,Tem grupo,Grupo,https://chat.whatsapp.com/I2RoMkhy49cHiIkZyjer1q
281170132,Silver,Tem grupo,Canal,https://whatsapp.com/channel/0029VaBTmUr5K3zMxPBUdN2K
284855023,Bronze,Tem grupo,Grupo,https://chat.whatsapp.com/BcrmLySElYpDqAZfFJaCd4
284855023,Bronze,Tem grupo,Grupo,https://chat.whatsapp.com/CbIau6c3CA7C0LMxobWHXA
284855023,Bronze,Tem grupo,Grupo,https://chat.whatsapp.com/E8517RZ8dac08YEsJXm0k8
284855023,Bronze,Tem grupo,Grupo,https://chat.whatsapp.com/EqRbEOq9L2f728z9rChx7X
284855023,Bronze,Tem grupo,Grupo,https://chat.whatsapp.com/HLsxny3leGqF6le1DytWU0
284855023,Bronze,Tem grupo,Grupo,https://chat.whatsapp.com/ITDPclun1OTBTGRUCXmBB7
286249876,Silver,Tem grupo,Grupo,https://chat.whatsapp.com/H8QOWi2t6GRGAN5Ff2CV9R
286249876,Silver,Tem grupo,Grupo,https://chat.whatsapp.com/JR2sdsBuMQSFqhsUoAgxEs
287782494,Bronze,Tem grupo,Grupo,https://chat.whatsapp.com/CF51lo02Krr71WGxpQiChG
287782494,Bronze,Tem grupo,Grupo,https://chat.whatsapp.com/FqQp7oqMp9hEMUd4ucDOoa
287782494,Bronze,Tem grupo,Grupo,https://chat.whatsapp.com/GThkMkKAiipAGrbNNd46Th
287782494,Bronze,Tem grupo,Grupo,https://chat.whatsapp.com/HQSxSmtxF5z6jmgh9ntsBl
287782494,Bronze,Tem grupo,Grupo,https://chat.whatsapp.com/IiQuL6d9Npj4pmUo9nX6ML
287782494,Bronze,Tem grupo,Grupo,https://chat.whatsapp.com/J3Ueieh9QBaC9LOpCSHLbS
287782494,Bronze,Tem grupo,Grupo,https://chat.whatsapp.com/J63Ucc9GeUaCN9AmcSbso4
287782494,Bronze,Tem grupo,Grupo,https://chat.whatsapp.com/JK2uFYRh40JEcRc9gEEUz3
287782494,Bronze,Tem grupo,Grupo,https://chat.whatsapp.com/JXet5h22o877SvPEkDLLBI
287782494,Bronze,Tem grupo,Grupo,https://chat.whatsapp.com/KK9NTyCdtUPGSoUNfR4sVP
291812584,Bronze,Tem grupo,Grupo,https://chat.whatsapp.com/Cx4VJgnKf8f8sfZ6l557gu
293046454,Bronze,Tem grupo,Canal,https://www.whatsapp.com/channel/0029VbAwC1c9Bb5yY0BFem1d
293720044,Bronze,Tem grupo,Grupo,https://chat.whatsapp.com/BsIXB2PTOCvEhVMHZ42dem
293720044,Bronze,Tem grupo,Grupo,https://chat.whatsapp.com/EEvGKkVoocLH9aNvzKPwzl
293720044,Bronze,Tem grupo,Grupo,https://chat.whatsapp.com/GBPkODhxGPSFTZWI71gtyJ
293720044,Bronze,Tem grupo,Grupo,https://chat.whatsapp.com/H0WFFONSgoy8hc3BgiFp1W
293720044,Bronze,Tem grupo,Grupo,https://chat.whatsapp.com/HJQxjufQQV54Mqn45de44C
293720044,Bronze,Tem grupo,Grupo,https://chat.whatsapp.com/J5ektsISOFeFkMyQwzhKGX
293720044,Bronze,Tem grupo,Grupo,https://chat.whatsapp.com/Jt3H7j2C0KEGOyjLtoSB83
293720044,Bronze,Tem grupo,Grupo,https://chat.whatsapp.com/JXQDcYgvr25KBzfkC1UcX4
293720044,Bronze,Tem grupo,Grupo,https://chat.whatsapp.com/KmZJ1MFFBQm1T4NUXfckVI
293720044,Bronze,Tem grupo,Grupo,https://chat.whatsapp.com/L6YGY6MIEuzAQ0qUSppVug
294107410,Bronze,Tem grupo,Canal,https://www.whatsapp.com/channel/0029VaXY53I9RZATLbuFWR1b
296354169,Bronze,Tem grupo,Grupo,https://chat.whatsapp.com/FT5vdyziII1IQmAp7tuqz4
297607087,Bronze,Tem grupo,Grupo,https://chat.whatsapp.com/ERLAUaPyEnO8HuorgV84lo
297863053,Bronze,Tem grupo,Grupo,https://chat.whatsapp.com/KPILWmSDXxfBoj5bjFjhrX
307709577,Bronze,Tem grupo,Grupo,https://chat.whatsapp.com/E6OrtSIDi0A1zvk7mYqEuq
307709577,Bronze,Tem grupo,Grupo,https://chat.whatsapp.com/EFTxWEFTYIx9KYvpwgJMT4
307709577,Bronze,Tem grupo,Grupo,https://chat.whatsapp.com/H6gSJFs8hiFCWWXvGukpCu
307709577,Bronze,Tem grupo,Grupo,https://chat.whatsapp.com/J8XE7HlywpEBlwYZ6CC6Xa
307709577,Bronze,Tem grupo,Grupo,https://chat.whatsapp.com/JO7Bx2ucqQlKlxRDxza4gV
307934370,Silver,Tem grupo,Grupo,https://chat.whatsapp.com/HwBzTLAUKQLFUAcWfmaoXK
317818364,Bronze,Tem grupo,Grupo,https://chat.whatsapp.com/B6cVL7qdoxRGTR0vviBLiT
317818364,Bronze,Tem grupo,Grupo,https://chat.whatsapp.com/B8KgB1juEUo00Z4R4LAM7i
317818364,Bronze,Tem grupo,Grupo,https://chat.whatsapp.com/BYDoQtXLihE6Z3hTuFsheK
317818364,Bronze,Tem grupo,Grupo,https://chat.whatsapp.com/CxjFBDxDAe46t2DyZ0NMnJ
317818364,Bronze,Tem grupo,Grupo,https://chat.whatsapp.com/DAl92Rd0UuY4jX3BxF4lUx
317818364,Bronze,Tem grupo,Grupo,https://chat.whatsapp.com/Ew3qVVyNSGc1rID1VadD8F
317818364,Bronze,Tem grupo,Grupo,https://chat.whatsapp.com/EWuE60YolQkH2tpSdKeQAm
317818364,Bronze,Tem grupo,Grupo,https://chat.whatsapp.com/FA4O3Jk0OWNJlO0R2LJtny
317818364,Bronze,Tem grupo,Grupo,https://chat.whatsapp.com/FZtKOBlZqgRJabsH6wWTia
317818364,Bronze,Tem grupo,Grupo,https://chat.whatsapp.com/Fzu8cpYEBgn1CSaOCtRDqd
317818364,Bronze,Tem grupo,Grupo,https://chat.whatsapp.com/GeTGtna83keH1hrJAfAc68
317818364,Bronze,Tem grupo,Grupo,https://chat.whatsapp.com/GIfKolUujzZ7MffykT5bqV
317818364,Bronze,Tem grupo,Grupo,https://chat.whatsapp.com/GtHzSWRBoi49F0XxQOImBO
317818364,Bronze,Tem grupo,Grupo,https://chat.whatsapp.com/Hr0xDgCtGuOBgfZ76qbjv3
317818364,Bronze,Tem grupo,Grupo,https://chat.whatsapp.com/HY1hUQ4mZc8KbRxInHeAJc
317818364,Bronze,Tem grupo,Grupo,https://chat.whatsapp.com/I9omkKIoG5E6x41OdoTaQv
317818364,Bronze,Tem grupo,Grupo,https://chat.whatsapp.com/IkY5nK3pnhtDd9jHeQy4H6
317818364,Bronze,Tem grupo,Grupo,https://chat.whatsapp.com/Io9oanRLtKG1ZYMOqhOBGK
317818364,Bronze,Tem grupo,Grupo,https://chat.whatsapp.com/IZ4sI6WArkWLmkKSs6ZhHK
317818364,Bronze,Tem grupo,Grupo,https://chat.whatsapp.com/J3gWECPh5g2B7tIFi9sb1E
317818364,Bronze,Tem grupo,Grupo,https://chat.whatsapp.com/JBotAbFbJ0u4JLTvLEDaWQ
317818364,Bronze,Tem grupo,Grupo,https://chat.whatsapp.com/JFMmUYE5tM2Efu3L6sXzIg
317818364,Bronze,Tem grupo,Grupo,https://chat.whatsapp.com/JgnQClZlwBJKrlFMlx0bts
317818364,Bronze,Tem grupo,Grupo,https://chat.whatsapp.com/KbvzR1wCYnq0hVZCwZZWg9
317818364,Bronze,Tem grupo,Grupo,https://chat.whatsapp.com/KEXRU3sjoBu4782by95BnV
317818364,Bronze,Tem grupo,Grupo,https://chat.whatsapp.com/Kn1PYVj9qipGm6IOcHyvZN
317818364,Bronze,Tem grupo,Grupo,https://chat.whatsapp.com/L2KkZxQiZwtGrxd9LvtSR3
322502351,Gold,Tem grupo,Canal,https://whatsapp.com/channel/0029Va91Xno9WtC8aPsISF1S
323419246,Bronze,Tem grupo,Grupo,https://chat.whatsapp.com/DLgX4YEt1x12CstIdCJLA7
323419246,Bronze,Tem grupo,Grupo,https://chat.whatsapp.com/Iqf5giRlDv85iknEizgiOd
323419246,Bronze,Tem grupo,Grupo,https://chat.whatsapp.com/L1QIuM0qAEd0FaHqDRrNL1
323419246,Bronze,Tem grupo,Canal,https://whatsapp.com/channel/0029Vao7Mp94CrfckfC8Z03Z
323819368,Silver,Tem grupo,Grupo,https://chat.whatsapp.com/L6ClBo7O1gx8bzi7ENGd37
329855491,Bronze,Tem grupo,Canal,https://whatsapp.com/channel/0029Vb6Rt8oLNSZwbeVZTj18
330532268,Gold,Tem grupo,Grupo,https://chat.whatsapp.com/HSIPwhZnkos4Q4upFSVlue
340577258,Silver,Tem grupo,Grupo,https://chat.whatsapp.com/IqL8NLXgBPsJOqjPsQJce8
342729046,Bronze,Tem grupo,Grupo,https://chat.whatsapp.com/Gv6WdAnjuUrCnvfHDj3Jsj
342729046,Bronze,Tem grupo,Canal,https://whatsapp.com/channel/0029Vb78YSn1iUxgqFPS9x1i
358402522,Bronze,Tem grupo,Grupo,https://chat.whatsapp.com/CFYwI669SIOF6h8Dspgdfw
366925359,Bronze,Tem grupo,Grupo,https://chat.whatsapp.com/BDdSmnmJ7wIKgqTDmzGj5T
366925359,Bronze,Tem grupo,Grupo,https://chat.whatsapp.com/BfQlrvLLRp0DoTMqtM80rt
366925359,Bronze,Tem grupo,Grupo,https://chat.whatsapp.com/FQ81mWWbJcp9I3YWWvorz1
366925359,Bronze,Tem grupo,Grupo,https://chat.whatsapp.com/GHbEVTnXZiKDgoE6flghFF
366925359,Bronze,Tem grupo,Grupo,https://chat.whatsapp.com/Gx62NgvL7CmFsJrDSx4Kv1
366925359,Bronze,Tem grupo,Grupo,https://chat.whatsapp.com/HnaWjGpOmO8L0GmD9bWEmb
366925359,Bronze,Tem grupo,Grupo,https://chat.whatsapp.com/IeDim45hp3uAjRdCLWiU70
366925359,Bronze,Tem grupo,Grupo,https://chat.whatsapp.com/KV2JE72tS6KHlGZg5HATmB
366925359,Bronze,Tem grupo,Grupo,https://chat.whatsapp.com/L1OrmEkUDzN4zSkPpxfRtq
366925359,Bronze,Tem grupo,Grupo,https://chat.whatsapp.com/L7vbEjkZ6nY0bzqnE1cCYI
367093050,Bronze,Tem grupo,Grupo,https://chat.whatsapp.com/Ic8IXf0TsGwFIuMN2BdOwS
379390087,Bronze,Tem grupo,Canal,https://whatsapp.com/channel/0029VavkCRFL2ATyYzkXv43e
379432988,Silver,Tem grupo,Grupo,https://chat.whatsapp.com/BU0SMHBm7sZIr9e9tPqAEX
380017209,Bronze,Tem grupo,Grupo,https://chat.whatsapp.com/E274nC7YmoS6jevpR5AeSN
380017209,Bronze,Tem grupo,Grupo,https://chat.whatsapp.com/HvgsWVPZ4ckKwIgPaRAO8W
380017209,Bronze,Tem grupo,Grupo,https://chat.whatsapp.com/KrMgVltlgkG1GAoK5iHrt4
380017209,Bronze,Tem grupo,Grupo,https://chat.whatsapp.com/LhCkfDJTkR2Kqgj7xcBK0X
380661803,Bronze,Tem grupo,Grupo,https://chat.whatsapp.com/Cu6KAabDrCfEJjVU3PpzQi
382194202,Silver,Tem grupo,Canal,https://whatsapp.com/channel/0029VaGaBZj5vKACU9lGcr1A
390160138,Bronze,Tem grupo,Grupo,https://chat.whatsapp.com/BErWZq7RVaWL9CkwYAZxbe
391449605,Bronze,Tem grupo,Grupo,https://chat.whatsapp.com/BiimTLyzjS3Le8JvUp5Ytg
391449605,Bronze,Tem grupo,Grupo,https://chat.whatsapp.com/BXlbpvel9dZ4hI6f8TCWOK
391449605,Bronze,Tem grupo,Grupo,https://chat.whatsapp.com/EOUuOHDU7FuCgqysza1d6z
391449605,Bronze,Tem grupo,Grupo,https://chat.whatsapp.com/EWkpRKW9X5eBi7dFicceGe
391449605,Bronze,Tem grupo,Grupo,https://chat.whatsapp.com/FZ3prQsMCWj1lA8HwsUueH
391449605,Bronze,Tem grupo,Grupo,https://chat.whatsapp.com/Gube0CNt7Do13enmWRpM6C
391449605,Bronze,Tem grupo,Grupo,https://chat.whatsapp.com/HDUNgop7rrsGHfhiePRagl
391449605,Bronze,Tem grupo,Grupo,https://chat.whatsapp.com/K1ov2XB3pZlFYwlsSFBqE9
400289450,Silver,Tem grupo,Grupo,https://chat.whatsapp.com/Bi0wA5AlFjJGGWxcKIjPEO
400289450,Silver,Tem grupo,Grupo,https://chat.whatsapp.com/Ey1kaLMaSRIAmTk2u1bVNx
400289450,Silver,Tem grupo,Grupo,https://chat.whatsapp.com/FJLziWoTwJk5rm9yolZhEl
400289450,Silver,Tem grupo,Grupo,https://chat.whatsapp.com/GebqP6UYvjRL8RKJk2CdXL
400289450,Silver,Tem grupo,Grupo,https://chat.whatsapp.com/Gja79uN5vyQITZHyCZfpKM
400289450,Silver,Tem grupo,Grupo,https://chat.whatsapp.com/K1xY4KQEcZ1KroUtzReEUO
401336483,Bronze,Tem grupo,Grupo,https://chat.whatsapp.com/CFPqGJMJy8J7Zrt1GCkhCF
401336483,Bronze,Tem grupo,Grupo,https://chat.whatsapp.com/Hivzz9AzB3YC6IXw9WFhR3
402250878,Silver,Tem grupo,Grupo,https://chat.whatsapp.com/LYwEwTxNk0Q2mZ8W8QNas7
420277922,Bronze,Tem grupo,Grupo,https://chat.whatsapp.com/C5PlHPJ7LNKAU3mwFxrdJO
420277922,Bronze,Tem grupo,Grupo,https://chat.whatsapp.com/GADzr40Pxe40kiK775BXH3
425645979,Bronze,Tem grupo,Grupo,https://chat.whatsapp.com/JlP7r6IOwb1Ee6upWlmecJ
431811888,Bronze,Tem grupo,Grupo,https://chat.whatsapp.com/Iae7DhW9oSW3xS9CufOvLW
432635271,Bronze,Tem grupo,Grupo,https://chat.whatsapp.com/E32f5GKwWTfEVvEkjoOIXN
435328576,Bronze,Tem grupo,Grupo,https://chat.whatsapp.com/GV01fjdSgP2Lvcvv1HY9Uy
440625458,Bronze,Tem grupo,Grupo,https://chat.whatsapp.com/HN7dBPJGJt81HDeLZbIaXS
440968000,Bronze,Tem grupo,Grupo,https://chat.whatsapp.com/B5L2uPqt3ZJ0oeuKoUsfih
440968000,Bronze,Tem grupo,Grupo,https://chat.whatsapp.com/CC15DoyA7Bw75UJudm2VoL
440968000,Bronze,Tem grupo,Grupo,https://chat.whatsapp.com/HcreONvYqqTKuP7r2BBKfn
440968000,Bronze,Tem grupo,Grupo,https://chat.whatsapp.com/HJc9fiP0XEW8otRDr59V1I
440968000,Bronze,Tem grupo,Grupo,https://chat.whatsapp.com/IEvEWemnxmd0TgPe6L4zPz
440968000,Bronze,Tem grupo,Grupo,https://chat.whatsapp.com/IMiiychYkuX6172c2ia2sX
440968000,Bronze,Tem grupo,Grupo,https://chat.whatsapp.com/JZLrKb32l6U61TYGTmCcyC
440968000,Bronze,Tem grupo,Grupo,https://chat.whatsapp.com/KJG834fd0tnCO3wTvofiBR
455002960,Bronze,Tem grupo,Grupo,https://chat.whatsapp.com/BB43r2sypQPCGpihn9CLHC
455002960,Bronze,Tem grupo,Grupo,https://chat.whatsapp.com/CoqAtwNGK2kLmbFVfTCcmQ
455002960,Bronze,Tem grupo,Grupo,https://chat.whatsapp.com/FheMXXQwBhdHVknzMYnXQC
455002960,Bronze,Tem grupo,Grupo,https://chat.whatsapp.com/FUnT5m2f86BApVFE2Safdr
455002960,Bronze,Tem grupo,Grupo,https://chat.whatsapp.com/HX07YThtAQpIhy0Q6drioF
455002960,Bronze,Tem grupo,Grupo,https://chat.whatsapp.com/K8JRYolzOvKLxKvtjFBhT2
455002960,Bronze,Tem grupo,Grupo,https://chat.whatsapp.com/KJgN0ac4GThIlDXXZqg2jm
455002960,Bronze,Tem grupo,Grupo,https://chat.whatsapp.com/KnqjWcl9qZXBdOh2mlvB6W
455002960,Bronze,Tem grupo,Grupo,https://chat.whatsapp.com/LI114BnVajh7pftKCEnyGR
473569671,Bronze,Tem grupo,Grupo,https://chat.whatsapp.com/FPJod1kG3YS7XVHmYH33P9
477371754,Bronze,Tem grupo,Grupo,https://chat.whatsapp.com/IY6VR10eCp5GvtjVXwv44e
480148356,Bronze,Tem grupo,Grupo,https://chat.whatsapp.com/KisHUes98ZbIdgXxlH456Q
480209739,Bronze,Tem grupo,Grupo,https://chat.whatsapp.com/GSqQwRhDAbVEduGJztWziI
480209739,Bronze,Tem grupo,Grupo,https://chat.whatsapp.com/JcuqaZi37nQ4VApIg9vxue
481509072,Gold,Tem grupo,Grupo,https://chat.whatsapp.com/EFSY5FYjG2A4KI12JLBOvE
490524922,Bronze,Tem grupo,Grupo,https://chat.whatsapp.com/IUvMrbUEvLIBKkXDeaUYeh
490589317,Bronze,Tem grupo,Grupo,https://chat.whatsapp.com/BphOj310T5a9h7yZ3I9a8l
493772551,Bronze,Tem grupo,Grupo,https://chat.whatsapp.com/CotArsQsEiqLW6Wh2HGruC
495016443,Silver,Tem grupo,Grupo,https://chat.whatsapp.com/Ea3W3Ekevt7ACnDawAOZho
498902543,Silver,Tem grupo,Canal,https://whatsapp.com/channel/0029VaHhYmRDOQIeDTZBQd07
506619983,Silver,Tem grupo,Grupo,https://chat.whatsapp.com/BY1Pxa29LDXGWb0ofprUMP
506619983,Silver,Tem grupo,Grupo,https://chat.whatsapp.com/GNIF1RImAsSLvsreRwrKSf
506619983,Silver,Tem grupo,Grupo,https://chat.whatsapp.com/HiIwapLS21k7caggHjPVWT
506619983,Silver,Tem grupo,Grupo,https://chat.whatsapp.com/KM8u01h8aAnAeNejlByt7A
508791975,Silver,Tem grupo,Grupo,https://chat.whatsapp.com/I082dejhGUl6Hii1TUdzN2
511670989,Bronze,Tem grupo,Grupo,https://chat.whatsapp.com/LsS6twVjUDGKpJnwu65ddw
521028663,Gold,Tem grupo,Grupo,https://chat.whatsapp.com/HhE3qW08mT06QS5lmibXzI
530107413,Bronze,Tem grupo,Grupo,https://chat.whatsapp.com/EOxn2uRlu7KJt64JvADo1I
530107413,Bronze,Tem grupo,Grupo,https://chat.whatsapp.com/J0VMnga3wWt6nV547nINOE
530861291,Bronze,Tem grupo,Grupo,https://chat.whatsapp.com/EzsDwzVMrKiHt0xXqPPoRJ
536119834,Gold,Tem grupo,Grupo,https://chat.whatsapp.com/DqeOdeZ5wCwKygcIXKdrSX
547239300,Silver,Tem grupo,Grupo,https://chat.whatsapp.com/KphcaNo6nUu0n4xNTOksF5
554844620,Bronze,Tem grupo,Grupo,https://chat.whatsapp.com/CH4pOclqozjCmZ9oh4JQF7
564401992,Gold,Tem grupo,Grupo,https://chat.whatsapp.com/HH0e8EHlUnAJQfSXKepjfq
565785079,Silver,Tem grupo,Grupo,https://chat.whatsapp.com/L6EKJqKahHi2W9LVmaTPkT
600049604,Bronze,Tem grupo,Grupo,https://chat.whatsapp.com/BRdS7nNKUwQAbLK6fy2pic
600049604,Bronze,Tem grupo,Grupo,https://chat.whatsapp.com/ChGdR3Xk6DVL2tprrH18Xn
600049604,Bronze,Tem grupo,Grupo,https://chat.whatsapp.com/DO8NVXJa2qW7GpTVyroy3H
600049604,Bronze,Tem grupo,Grupo,https://chat.whatsapp.com/FIsdvEDDcHI7zHvbkqsK9M
600049604,Bronze,Tem grupo,Grupo,https://chat.whatsapp.com/FUVn3bt2zieHojQpQ9aKoY
600049604,Bronze,Tem grupo,Grupo,https://chat.whatsapp.com/G0U1hLzuHuTJRdrLeom7xQ
600049604,Bronze,Tem grupo,Grupo,https://chat.whatsapp.com/GmJhhSvptxEFGvAi0eDp5d
600049604,Bronze,Tem grupo,Grupo,https://chat.whatsapp.com/HAx1mnCMyrWIRPk7OUQnyc
600049604,Bronze,Tem grupo,Grupo,https://chat.whatsapp.com/IChAsN9ASXi0B9ZlnVIMjR
600049604,Bronze,Tem grupo,Grupo,https://chat.whatsapp.com/IiCMiBV6jR5HbYdFh1fAp1
600049604,Bronze,Tem grupo,Grupo,https://chat.whatsapp.com/IjcIOnYV9q93t7U21N35En
600049604,Bronze,Tem grupo,Grupo,https://chat.whatsapp.com/Ir4cMb6BHjyF2MRcKKZbp5
600049604,Bronze,Tem grupo,Grupo,https://chat.whatsapp.com/JaomlJX64IB5wKRo8asdVK
600049604,Bronze,Tem grupo,Grupo,https://chat.whatsapp.com/K7icRzjbQt9FBJ5o7BDBQ6
600049604,Bronze,Tem grupo,Grupo,https://chat.whatsapp.com/KiRN4VmiDvG3IM9LlsK89C
615723245,Bronze,Tem grupo,Grupo,https://chat.whatsapp.com/DCxjP81VSPYBL6Gxv9H52C
618183409,Silver,Tem grupo,Canal,https://whatsapp.com/channel/0029VatIjGq1dAvz2ILo8y0a
627245178,Bronze,Tem grupo,Canal,https://whatsapp.com/channel/0029Vax4uLP2phHFzWIyV330
628036387,Silver,Tem grupo,Canal,https://www.whatsapp.com/channel/0029Vb6VPffBadmUrdp3SE2Y
646166616,Bronze,Tem grupo,Grupo,https://chat.whatsapp.com/HhXyggyyidNDGTLzW5xY7y
670605565,Bronze,Tem grupo,Canal,https://whatsapp.com/channel/0029Vb79WEl77qVR368jbD3L
676651691,Bronze,Tem grupo,Grupo,https://chat.whatsapp.com/Cw4nUc7u3SxLvXB8A1Tvtp
678610452,Gold,Tem grupo,Canal,https://www.whatsapp.com/channel/0029Va5DqlO29755qzXrKc0M
678670377,Silver,Tem grupo,Grupo,https://chat.whatsapp.com/I9rvyJqcovV7J1ydULkuTw
690775790,Bronze,Tem grupo,Grupo,https://chat.whatsapp.com/KWVnYo0y3gO5MJCBCHRJAE
725268701,Bronze,Tem grupo,Grupo,https://chat.whatsapp.com/KRcxL6Ipm7KCTRBleclJfZ
734782220,Bronze,Tem grupo,Grupo,https://chat.whatsapp.com/KdVWWODZJbeB7sKCXxPy9J
742314482,Bronze,Tem grupo,Grupo,https://chat.whatsapp.com/JcwNOgs6iLqG4wxdLEaYOr
742328965,Bronze,Tem grupo,Grupo,https://chat.whatsapp.com/FSOKIotzhXeESsvKFAQCiA
744048622,Gold,Tem grupo,Grupo,https://chat.whatsapp.com/DnVx2V26TXVHWiCV9I4sji
749072374,Silver,Tem grupo,Grupo,https://chat.whatsapp.com/CpOQbshXK0lLP6ddlsbJgw
768924215,Bronze,Tem grupo,Grupo,https://chat.whatsapp.com/J1D6HRAuIx62u62O3QWn8e
771699768,Bronze,Tem grupo,Grupo,https://chat.whatsapp.com/BAhGo6LKhfULYBbFN5BYsc
771699768,Bronze,Tem grupo,Grupo,https://chat.whatsapp.com/CJCpkSkPO019eaAbwVZDkW
771699768,Bronze,Tem grupo,Grupo,https://chat.whatsapp.com/GMOqA0Exsde5b76kwDnKId
771699768,Bronze,Tem grupo,Grupo,https://chat.whatsapp.com/H5DcvWsaFpqJDd4aJuBgZd
771699768,Bronze,Tem grupo,Canal,https://whatsapp.com/channel/0029VaAHgY4LI8YQvhO98G3l
773801672,Silver,Tem grupo,Canal,https://whatsapp.com/channel/0029Vaxxx0XBfxo7CfzsUT2I
776246463,Silver,Tem grupo,Canal,https://www.whatsapp.com/channel/0029VbBSQ8WHrDZm7ZhtUT1m
786771892,Bronze,Tem grupo,Grupo,https://chat.whatsapp.com/Ek6Lir27lbnC4aOTYdiY4r
796286749,Bronze,Tem grupo,Grupo,https://chat.whatsapp.com/EXd6dfZbz9YAT9ZF6kWk5b
807123036,Bronze,Tem grupo,Grupo,https://chat.whatsapp.com/BJK04Bp8B0TBWJDs73DNxc
1000721580,Silver,Tem grupo,Grupo,https://chat.whatsapp.com/Evbu0eA6aGDGIustairn0X
1047116544,Bronze,Tem grupo,Grupo,https://chat.whatsapp.com/DC0ZJSDJgil7mA0CprJ7Bf
1047116544,Bronze,Tem grupo,Grupo,https://chat.whatsapp.com/DLDkYNtWyqy39dpS2FLVI
1047116544,Bronze,Tem grupo,Grupo,https://chat.whatsapp.com/DLDkYNtWyqy39dpS2FLVIt
1047116544,Bronze,Tem grupo,Grupo,https://chat.whatsapp.com/ELrv9yKKGaDEgwWfSSbniA
1047715590,Bronze,Tem grupo,Grupo,https://chat.whatsapp.com/CWOmCNqjZj3AbaVPPsC1km
1062207010,Silver,Tem grupo,Grupo,https://chat.whatsapp.com/BTfgRf1oQr39pdyZLGBhCc
1080474231,Gold,Tem grupo,Grupo,https://chat.whatsapp.com/HSyxrod1HQt2rcUwtMZbxb
1082097965,Gold,Tem grupo,Canal,https://whatsapp.com/channel/0029VanlafvATRSxQUKf8L3d
1082097965,Gold,Tem grupo,Canal,https://whatsapp.com/channel/0029Vb6ButCFXUubza5vZo0C
1082097965,Gold,Tem grupo,Canal,https://whatsapp.com/channel/0029VbBDttZ7j6g08EIJHh0D
1089018457,Silver,Tem grupo,Grupo,https://chat.whatsapp.com/JkZ3gnR9eZzFJlyHOQu1O4
1096037132,Bronze,Tem grupo,Canal,https://whatsapp.com/channel/0029VaBz6ek8qIzl1qLfl23q
1112956306,Bronze,Tem grupo,Grupo,https://chat.whatsapp.com/Jt0Z3Vwq4E2Hb4TuZAhSos
1116916668,Silver,Tem grupo,Canal,https://whatsapp.com/channel/0029Va9QhzZFnSz39ml67g3Y
1128477483,Bronze,Tem grupo,Canal,https://whatsapp.com/channel/0029VaAWMTOLo4hfUT0CXV2t
1161200505,Silver,Tem grupo,Grupo,https://chat.whatsapp.com/DAVIG7o9Jx3Hnz9ti8Napi
1173888746,Silver,Tem grupo,Grupo,https://chat.whatsapp.com/KWqUZWZVI6WENZyd4UPWvi
1179990663,Bronze,Tem grupo,Grupo,https://chat.whatsapp.com/Em92nVPEgmwDD9AFNEaiTs
1179990663,Bronze,Tem grupo,Grupo,https://chat.whatsapp.com/H37gfupQioHC0PgEkz8zMu
1185718745,Gold,Tem grupo,Canal,https://www.whatsapp.com/channel/0029VaklNp8K5cDK9b5V5L0l
1207675246,Gold,Tem grupo,Grupo,https://chat.whatsapp.com/G8ZN3Di4uqsGZ9MH9yBa5t
1230973601,Silver,Tem grupo,Grupo,https://chat.whatsapp.com/DDBQ1gPKw3aLeK7P8TTH9z
1230973601,Silver,Tem grupo,Grupo,https://chat.whatsapp.com/DoEr05rgTA672MkLiTwtVX
1230973601,Silver,Tem grupo,Grupo,https://chat.whatsapp.com/HELJAYrFbqWKz5dwrprwvp
1230973601,Silver,Tem grupo,Grupo,https://chat.whatsapp.com/JvNWoPfJxYPDQtZUxW2Evt
1230973601,Silver,Tem grupo,Grupo,https://chat.whatsapp.com/KgyhXgv4Onl8UhO7vSWye7
1230973601,Silver,Tem grupo,Grupo,https://chat.whatsapp.com/LFidRAOEVfZJoZgPWmSdWs
1231082308,Silver,Tem grupo,Canal,https://www.whatsapp.com/channel/0029VaBFWAo5a245bVrBvJ0m
1231576803,Gold,Tem grupo,Grupo,https://chat.whatsapp.com/JWySm0bg2QjDJwYKymBRAr
1249172900,Gold,Tem grupo,Grupo,https://chat.whatsapp.com/Dq1JEvVMkAmJywEcvLbjB8
1251879558,Silver,Tem grupo,Grupo,https://chat.whatsapp.com/Cqcrs11780OEgAmzrlk047
1258550467,Gold,Tem grupo,Grupo,https://chat.whatsapp.com/HDvgI3GoLHn9nyooZ3G06P
1273009574,Silver,Tem grupo,Grupo,https://chat.whatsapp.com/HYjMyYYJyeC8E7rMniNcvs
1288325538,Bronze,Tem grupo,Grupo,https://chat.whatsapp.com/Eib85HSLiQFIKJEM5jruy1
1291850544,Silver,Tem grupo,Grupo,https://chat.whatsapp.com/FkIJxLP1gYg5QXcyF2fcwz
1291850544,Silver,Tem grupo,Grupo,https://chat.whatsapp.com/J2BU0bBiAuk8LB5Mu7ddIS
1291850544,Silver,Tem grupo,Grupo,https://chat.whatsapp.com/JU33e6DtMfp5RKwIsiV4wi
1291850544,Silver,Tem grupo,Grupo,https://chat.whatsapp.com/KgUQNhuiAyf6yFPagNhRyf
1291850544,Silver,Tem grupo,Grupo,https://chat.whatsapp.com/L2EgpXK59KTDTyK2o1MFRY
1293477138,Bronze,Tem grupo,Canal,https://www.whatsapp.com/channel/0029VaF9WZHC1Fu2jvMI9I1N
1297399555,Bronze,Tem grupo,Canal,https://www.whatsapp.com/channel/0029Vakbd7m3rZZiNBpvhU0y
1299080285,Gold,Tem grupo,Grupo,https://chat.whatsapp.com/EAzD8X1Ez6Y7yJdfPyCXu2
1316590351,Bronze,Tem grupo,Grupo,https://chat.whatsapp.com/JCpyiIT3I1X2iswfm9ZFyb
1334764746,Silver,Tem grupo,Grupo,https://chat.whatsapp.com/EuscaPvDB4t2rTAC1gSG05
1340298923,Bronze,Tem grupo,Grupo,https://chat.whatsapp.com/FVxKp109hOCB4pRDUSFy3p
1342859483,Gold,Tem grupo,Grupo,https://chat.whatsapp.com/CgN6YWm8tUT0OaMzhgt0sd
1342941619,Silver,Tem grupo,Grupo,https://chat.whatsapp.com/KIZ5vhQNWeg3dVsVBngmng
1343085375,Silver,Tem grupo,Grupo,https://chat.whatsapp.com/Knoiv0pa9PpIGsAbT24Spd
1359646788,Bronze,Tem grupo,Grupo,https://chat.whatsapp.com/G0W3ZnnNIwjBHq78vXVQyc
1365511504,Silver,Tem grupo,Grupo,https://chat.whatsapp.com/KwIJ8LVggCD7DdHGqNrfuB
1365706499,Gold,Tem grupo,Grupo,https://chat.whatsapp.com/B5QtjdUc0OLALZJbLvTrHf
1365706499,Gold,Tem grupo,Grupo,https://chat.whatsapp.com/F9jd4FBhjQ0CYCk11XvIyg
1365706499,Gold,Tem grupo,Grupo,https://chat.whatsapp.com/FN7XonsqHj7FiZOkahV3rQ
1365722169,Silver,Tem grupo,Grupo,https://chat.whatsapp.com/HQeUBXDWp8lCm0Mv6nYYlB
1365722169,Silver,Tem grupo,Grupo,https://chat.whatsapp.com/LaBBPcUpSrS0Vz9aXprrYR
1365959356,Silver,Tem grupo,Canal,https://whatsapp.com/channel/0029Va7AuWY90x33kNMOMV13
1366779655,Gold,Tem grupo,Grupo,https://chat.whatsapp.com/EYLJXJyu2xw0qo0q3RsPro
1369622787,Silver,Tem grupo,Grupo,https://chat.whatsapp.com/IDhYoLEzlw1Bs9NocQQB4u
1375138586,Gold,Tem grupo,Canal,https://www.whatsapp.com/channel/0029VaDc0VKATRSg2k5sOb0u
1377978276,Bronze,Tem grupo,Grupo,https://chat.whatsapp.com/Ex7NencxH6MH4ubgAZCjw6
1377978276,Bronze,Tem grupo,Grupo,https://chat.whatsapp.com/KlBT8QwbNBJ3MFDivxkued
1377978276,Bronze,Tem grupo,Grupo,https://chat.whatsapp.com/Ks3048s1gRjGzqfnbOmRKs
1383038146,Silver,Tem grupo,Grupo,https://chat.whatsapp.com/J9ozsjtI50PA2xOOV8aySm
1387667693,Gold,Tem grupo,Canal,https://www.whatsapp.com/channel/0029Va9PbS9Id7nVKzupxn15
1389194151,Silver,Tem grupo,Grupo,https://chat.whatsapp.com/JopUAdXCDZ25IVmTFsLDE2
1389303807,Bronze,Tem grupo,Grupo,https://chat.whatsapp.com/Dwb8e9Af6ZU3kuWaRP5SrT
1390984189,Bronze,Tem grupo,Grupo,https://chat.whatsapp.com/KIrm8j8G0MwJxgkPMsEFrI
1391252882,Silver,Tem grupo,Grupo,https://chat.whatsapp.com/BD4bzOL3fKwHHZPtwBr0b9
1391252882,Silver,Tem grupo,Grupo,https://chat.whatsapp.com/DQvjFEtld3yGw8xeBSQ7IL
1391252882,Silver,Tem grupo,Grupo,https://chat.whatsapp.com/Fm97hzmCp0C5Om4GoZHQ30
1391252882,Silver,Tem grupo,Grupo,https://chat.whatsapp.com/IsTvEdj14uIASfLjSNALr1
1408672391,Bronze,Tem grupo,Grupo,https://chat.whatsapp.com/BzX8VkIz06fAupJVKHE0sh
1408672391,Bronze,Tem grupo,Grupo,https://chat.whatsapp.com/ClhubpIiwF3HNxYtixOJoC
1408672391,Bronze,Tem grupo,Grupo,https://chat.whatsapp.com/DodYtCsdOcuB7dNxiOM2qe
1408672391,Bronze,Tem grupo,Grupo,https://chat.whatsapp.com/F5TzUD1drm3CTKz0eMQRKd
1408672391,Bronze,Tem grupo,Grupo,https://chat.whatsapp.com/J3E5NfSGd6HGiQitoDbu2K
1408672391,Bronze,Tem grupo,Grupo,https://chat.whatsapp.com/KSKm98kDrBD5IcrqVVhcu5
1408672391,Bronze,Tem grupo,Grupo,https://chat.whatsapp.com/LCYQg4nWBGBGMOZrKmS2hC
1416008866,Silver,Tem grupo,Grupo,https://chat.whatsapp.com/LVE5Ru6djpDKhE3Joze0V0
1422595957,Silver,Tem grupo,Grupo,https://chat.whatsapp.com/BWfCMIyieZW0gpi40GlIM5
1422595957,Silver,Tem grupo,Grupo,https://chat.whatsapp.com/E1FpBy97wgtBVodO7gb6CI
1422595957,Silver,Tem grupo,Grupo,https://chat.whatsapp.com/G0EE7LCAXss575JPswdtaI
1422595957,Silver,Tem grupo,Grupo,https://chat.whatsapp.com/LFxnhypmd5BDGFgneCPrkE
1422846329,Gold,Tem grupo,Grupo,https://chat.whatsapp.com/H3s7oBIcYPp7SfbKDQR2aF
1423860627,Bronze,Tem grupo,Grupo,https://chat.whatsapp.com/GQBBwp7UV93AmBF4sLqMak
1426415184,Bronze,Tem grupo,Grupo,https://chat.whatsapp.com/CUROIOmNciOIfMXGcE6WiV
1426415184,Bronze,Tem grupo,Grupo,https://chat.whatsapp.com/EmaYmnfSlGfJKtUQ6OTlvC
1426415184,Bronze,Tem grupo,Grupo,https://chat.whatsapp.com/HniBrVoF9gR3KFTPJULBPu
1426415184,Bronze,Tem grupo,Grupo,https://chat.whatsapp.com/Iz8EWeEBApvLnTdnnkgZ3o
1426415184,Bronze,Tem grupo,Grupo,https://chat.whatsapp.com/KxRixJbLypBErsmryK7TWK
1426420422,Bronze,Tem grupo,Grupo,https://chat.whatsapp.com/BB1mrpzPqTXAVpmQRDrfKz
1426514854,Silver,Tem grupo,Grupo,https://chat.whatsapp.com/Cg051VJz3YG5EvTcb28m7Q
1426600144,Silver,Tem grupo,Canal,https://www.whatsapp.com/channel/0029Va8GkBr5fM5iaPVX0c28
1426808500,Gold,Tem grupo,Grupo,https://chat.whatsapp.com/BqxOehq0Zyq7Uex2mcVddl
1427265851,Bronze,Tem grupo,Grupo,https://chat.whatsapp.com/DLWCVtnreBe0eQfBh9ByCI
1427325193,Gold,Tem grupo,Grupo,https://chat.whatsapp.com/LoaUnRZiUaZL4IThycte9e
1427776750,Silver,Tem grupo,Grupo,https://chat.whatsapp.com/JwstmPW0omb8cd04ug87k7
1428348382,Silver,Tem grupo,Grupo,https://chat.whatsapp.com/EasI67796IOJacO78C2oJu
1428402957,Silver,Tem grupo,Grupo,https://chat.whatsapp.com/Lg9XfDrnxqUG3DSIBvPfl6
1429209372,Bronze,Tem grupo,Grupo,https://chat.whatsapp.com/FsFLmi0QLm07vTLUVBrX2r
1432792519,Bronze,Tem grupo,Grupo,https://chat.whatsapp.com/IT4pra5wk4z6ftS4tULbzk
1433463620,Bronze,Tem grupo,Grupo,https://chat.whatsapp.com/BichIxxDO85JEFyq1aXzS0
1433463620,Bronze,Tem grupo,Grupo,https://chat.whatsapp.com/C2KhZKrz9Xv2P6RpmUFwaD
1433463620,Bronze,Tem grupo,Grupo,https://chat.whatsapp.com/CCP6HBXz1EgASmOonzbHhK
1433463620,Bronze,Tem grupo,Grupo,https://chat.whatsapp.com/CNoRoQr60Q8Eq8JFgPGmEy
1433463620,Bronze,Tem grupo,Grupo,https://chat.whatsapp.com/Co2DbXhXh12LBdhz1WDSzU
1433463620,Bronze,Tem grupo,Grupo,https://chat.whatsapp.com/Cw4BkVzBZQIF5Wuson71Nr
1433463620,Bronze,Tem grupo,Grupo,https://chat.whatsapp.com/D6kcUQWAKoc91HOHOOoDYX
1433463620,Bronze,Tem grupo,Grupo,https://chat.whatsapp.com/E7FO4crnWUFEhUEXjjce1X
1433463620,Bronze,Tem grupo,Grupo,https://chat.whatsapp.com/EBNIKkZOgiK6yxCPB8GKBv
1433463620,Bronze,Tem grupo,Grupo,https://chat.whatsapp.com/EHjvsh4V6se6FC27BmlEZH
1433463620,Bronze,Tem grupo,Grupo,https://chat.whatsapp.com/EpNyXH0jNgr3qQWVySNe0r
1433463620,Bronze,Tem grupo,Grupo,https://chat.whatsapp.com/GIpEkX7kO6wI3KbLS0Ql54
1433463620,Bronze,Tem grupo,Grupo,https://chat.whatsapp.com/GipKk1AKH5x4a6qbJSvkDe
1433463620,Bronze,Tem grupo,Grupo,https://chat.whatsapp.com/GKoAxWFiSk3CirrJTllP1x
1433463620,Bronze,Tem grupo,Grupo,https://chat.whatsapp.com/GpWwnLrYP4t2k3ZuaBIiUQ
1433463620,Bronze,Tem grupo,Grupo,https://chat.whatsapp.com/GzLzhqlYl83329hBNrwK1X
1433463620,Bronze,Tem grupo,Grupo,https://chat.whatsapp.com/HCxlSjdlBiM0bvSLMdJezE
1433463620,Bronze,Tem grupo,Grupo,https://chat.whatsapp.com/HQ68rHq9nGdHgNj4ZmEv0w
1433463620,Bronze,Tem grupo,Grupo,https://chat.whatsapp.com/HUI5vxoQf3c8yr8K8tPtXj
1433463620,Bronze,Tem grupo,Grupo,https://chat.whatsapp.com/HyhKaaCoQGXIx7uZBdRpDs
1433463620,Bronze,Tem grupo,Grupo,https://chat.whatsapp.com/IzvW2HU5IfhFAjNKtNoF4O
1433463620,Bronze,Tem grupo,Grupo,https://chat.whatsapp.com/JBuev99OBhdG7UyJN9EMLU
1433463620,Bronze,Tem grupo,Grupo,https://chat.whatsapp.com/JUcbUtA9MGiI8TtXWUrCsH
1433463620,Bronze,Tem grupo,Grupo,https://chat.whatsapp.com/JxTGhUPIXic7w22uubQ1Kf
1433463620,Bronze,Tem grupo,Grupo,https://chat.whatsapp.com/Kda7wlfxzOj08vWSm42jip
1433463620,Bronze,Tem grupo,Grupo,https://chat.whatsapp.com/KiP7dbWExV8CZWu4yXYl5K
1433463620,Bronze,Tem grupo,Grupo,https://chat.whatsapp.com/L1WOfiEgA2J8j8eTEoQBOh
1433463620,Bronze,Tem grupo,Grupo,https://chat.whatsapp.com/LDkxAP7nGjyG47ZyHBItYj
1433463620,Bronze,Tem grupo,Grupo,https://chat.whatsapp.com/LEb7mC1gONY8WrtD2vNDQG
1433463620,Bronze,Tem grupo,Grupo,https://chat.whatsapp.com/Lf7WdndO9UB7hAApuuPEcm
1433463620,Bronze,Tem grupo,Grupo,https://chat.whatsapp.com/LWb7PpcFD04Fiy7yHDgpNN
1433483327,Silver,Tem grupo,Grupo,https://chat.whatsapp.com/BENOwCW6xby8ngeXDJfzeO
1435262807,Silver,Tem grupo,Grupo,https://chat.whatsapp.com/Bn8uKHC5TDvFfOpZxkYSLK
1435262807,Silver,Tem grupo,Grupo,https://chat.whatsapp.com/BYQ69Q3Pq2LD0WBruhghQS
1435262807,Silver,Tem grupo,Grupo,https://chat.whatsapp.com/H4hXO4qX2NBFIL4CMgYUKK
1435262807,Silver,Tem grupo,Grupo,https://chat.whatsapp.com/JTZFCxhrlEYLRsYUl2JrV8
1435262807,Silver,Tem grupo,Grupo,https://chat.whatsapp.com/KT9f7eqjxPr5LXL9b8psIR
1435262807,Silver,Tem grupo,Grupo,https://chat.whatsapp.com/L3jwoHN9uOH1aQJ6Rvk8Ud
1435379477,Bronze,Tem grupo,Grupo,https://chat.whatsapp.com/JQSL0XFL7VRJ9geng5nyct
1436446356,Bronze,Tem grupo,Grupo,https://chat.whatsapp.com/H6Ifwzn9NNA7GYBGdgD1lt
1436537652,Silver,Tem grupo,Grupo,https://chat.whatsapp.com/Izpv12v0sOXAzwxZAHVzG0
1437132261,Bronze,Tem grupo,Grupo,https://chat.whatsapp.com/CAdygRaiBqZ4KejvDQQBFo
1437278515,Bronze,Tem grupo,Grupo,https://chat.whatsapp.com/EfHt0qD9wzr1JoRGBJaHH8
1438016577,Silver,Tem grupo,Grupo,https://chat.whatsapp.com/CNaOVLgVuIdE8bBmtjc8a1
1438016577,Silver,Tem grupo,Grupo,https://chat.whatsapp.com/HXvNEyBaZdu4Ew0bwBD1jk
1439548649,Silver,Tem grupo,Grupo,https://chat.whatsapp.com/J2sN803vT9cCnfPNtWYmhM
1439663675,Gold,Tem grupo,Grupo,https://chat.whatsapp.com/LK7bUtYZYmWCkWhgVlYVR0
1441090684,Silver,Tem grupo,Grupo,https://chat.whatsapp.com/H0IGnLJEV0Y48foFPwMpTx
1441090684,Silver,Tem grupo,Grupo,https://chat.whatsapp.com/IJQIjeZP4sJKDNHbFgV8zu
1441090684,Silver,Tem grupo,Canal,https://whatsapp.com/channel/0029VaLa5nXEQIagEO53jy2M
1441090684,Silver,Tem grupo,Canal,https://www.whatsapp.com/channel/0029VaLa5nXEQIagEO53jy2M
1442794904,Silver,Tem grupo,Grupo,https://chat.whatsapp.com/Bn339Zb9Tm1IqHecAnYIFs
1444457359,Bronze,Tem grupo,Grupo,https://chat.whatsapp.com/KM9LMqZxICe7zxinx37BUu
1444756345,Bronze,Tem grupo,Canal,https://www.whatsapp.com/channel/0029VaYjTxX2v1J1qgMkml3H
1447302999,Bronze,Tem grupo,Grupo,https://chat.whatsapp.com/E4tOPjoCNog6N9WkVoI2Ov
1447302999,Bronze,Tem grupo,Canal,https://whatsapp.com/channel/0029VaPgpJ2C1Fu2ofsCSu0f
1447393059,Silver,Tem grupo,Grupo,https://chat.whatsapp.com/BgG8vfFpH374vIsjAtPDsc
1450808630,Gold,Tem grupo,Canal,https://whatsapp.com/channel/0029Vb6utoYFXUuZXnzl5619
1451916544,Gold,Tem grupo,Canal,https://whatsapp.com/channel/0029Vb7cwBYLNSa8BkcOAE10
1452193631,Bronze,Tem grupo,Grupo,https://chat.whatsapp.com/FdWvHZ76Wqo0mxI3onSoAq
1453179131,Silver,Tem grupo,Grupo,https://chat.whatsapp.com/Ajf4V1uBSB24N33Odocm9t
1453179131,Silver,Tem grupo,Grupo,https://chat.whatsapp.com/DJFE9zX0nZUE5jYo81037k
1453179131,Silver,Tem grupo,Grupo,https://chat.whatsapp.com/IXDPw6OgqN9KscX2V1d5M6
1453452471,Gold,Tem grupo,Canal,https://whatsapp.com/channel/0029Va9QFJGICVfkJA730514
1455887437,Silver,Tem grupo,Grupo,https://chat.whatsapp.com/BwDmXgnK9vIBGFz4608WDQ
1455887437,Silver,Tem grupo,Grupo,https://chat.whatsapp.com/ByUIV1T6GLHLNpaC96KCvV
1455887437,Silver,Tem grupo,Grupo,https://chat.whatsapp.com/DCkUBoPo6rzHqYxJ2Vot2D
1455887437,Silver,Tem grupo,Grupo,https://chat.whatsapp.com/GNbn9FVEOJnFb6NjxXmGov
1457441247,Silver,Tem grupo,Grupo,https://chat.whatsapp.com/GL97e4X83ZI9qoD6IzBkbL
1460641122,Bronze,Tem grupo,Grupo,https://chat.whatsapp.com/F5XACSVOt1wF82pPbzawZZ
1460641122,Bronze,Tem grupo,Grupo,https://chat.whatsapp.com/IlQDAFEAUzwIY8UXwFax5G
1461003474,Bronze,Tem grupo,Grupo,https://chat.whatsapp.com/IcMUpxRbcpRGI6JeDbu9ei
1461645780,Bronze,Tem grupo,Grupo,https://chat.whatsapp.com/GeCRMWSBq3qH7Wy8KvVoJv
1463706675,Silver,Tem grupo,Canal,https://www.whatsapp.com/channel/0029Va9NjO52P59bAfHEi841
1468622524,Bronze,Tem grupo,Canal,https://whatsapp.com/channel/0029VadKQgJJJhzbtgmJcr24
1468622524,Bronze,Tem grupo,Canal,https://www.whatsapp.com/channel/0029Vaf7CQaGE56d9SsGYO0O
1477441758,Silver,Tem grupo,Canal,https://www.whatsapp.com/channel/0029Va5wZX15vKA1epDgf31a
1478707361,Silver,Tem grupo,Grupo,https://chat.whatsapp.com/D99LcAyBJXm9QM5NG3MoRH
1478707361,Silver,Tem grupo,Grupo,https://chat.whatsapp.com/FOOuZCgchylHcJ6IU5h8ro
1478707361,Silver,Tem grupo,Grupo,https://chat.whatsapp.com/GANhutgr55J95N65Xb6Lk3
1478707361,Silver,Tem grupo,Grupo,https://chat.whatsapp.com/GMmyU8Vwqv7LwiaQBQRuT0
1478707361,Silver,Tem grupo,Grupo,https://chat.whatsapp.com/J5rQKazk5z51qKkDEnkM2g
1478707361,Silver,Tem grupo,Grupo,https://chat.whatsapp.com/LuOFlKQHFlf60RJTQ5Zpnz
1480696279,Gold,Tem grupo,Grupo,https://chat.whatsapp.com/LAb96zGT1goK1cZPeFgJHT
1485217446,Silver,Tem grupo,Grupo,https://chat.whatsapp.com/8cao38VPYLDBKLMqOPjoA0
1485911737,Bronze,Tem grupo,Canal,https://www.whatsapp.com/channel/0029Va9vpA9HltY7wNYAAT26
1486080662,Bronze,Tem grupo,Grupo,https://chat.whatsapp.com/HVlxykyHau8CCctAnAtQ60
1488032118,Bronze,Tem grupo,Grupo,https://chat.whatsapp.com/CFK3r2wtHe16NEIhawekTy
1488032118,Bronze,Tem grupo,Grupo,https://chat.whatsapp.com/D9ZYhFebn0K1bt6LWIDoX2
1488032118,Bronze,Tem grupo,Grupo,https://chat.whatsapp.com/I380Z0C5F9mCjHBHb41Kfg
1488032118,Bronze,Tem grupo,Grupo,https://chat.whatsapp.com/Kdqza4b1zAxIAXcHZ9IXkV
1488032118,Bronze,Tem grupo,Canal,https://whatsapp.com/channel/0029VbBmSNWBlHpeTRp32H25
1493086612,Silver,Tem grupo,Grupo,https://chat.whatsapp.com/L1vycHtOuM2JLwsdH6qgKX
1528968155,Bronze,Tem grupo,Grupo,https://chat.whatsapp.com/Hs21HsUxxNKKksUem3SUzo
1531640488,Silver,Tem grupo,Grupo,https://chat.whatsapp.com/L8KIweGu5u7KTq2Yd1CP6O
1536298884,Bronze,Tem grupo,Grupo,https://chat.whatsapp.com/EwQ4rnLS4uo3zCHcTYPdLd
1536298884,Bronze,Tem grupo,Grupo,https://chat.whatsapp.com/GDL1fYB8cfRBo6irP6nGeY
1536298884,Bronze,Tem grupo,Grupo,https://chat.whatsapp.com/GdzHjlsTtmPCVt3vXJkXFv
1536298884,Bronze,Tem grupo,Grupo,https://chat.whatsapp.com/HWIR8cXLwCf4MelCkHpGz
1539409111,Bronze,Tem grupo,Grupo,https://chat.whatsapp.com/CKKv1VSNT53Dfy4kE3Y7cM
1539409111,Bronze,Tem grupo,Grupo,https://chat.whatsapp.com/KXGSBZpRWnc5c66bbkNL1b
1550052320,Silver,Tem grupo,Grupo,https://chat.whatsapp.com/CRUCLnt5HAy7lWpQjzxUzH
1565324511,Silver,Tem grupo,Grupo,https://chat.whatsapp.com/FXlIvN8c9IC9c8mjzYajbc
1572653489,Bronze,Tem grupo,Grupo,https://chat.whatsapp.com/BuQlemEFW2r2aOUGoGRJSl
1572653489,Bronze,Tem grupo,Grupo,https://chat.whatsapp.com/JWqy8bqlTJeLNq23PuMupS
1577887940,Silver,Tem grupo,Grupo,https://chat.whatsapp.com/GHdEPxuQlfL1maMuQNTHIX
1588265237,Bronze,Tem grupo,Grupo,https://chat.whatsapp.com/LYEMzs28deCDS8alcefD3X
1629748942,Silver,Tem grupo,Grupo,https://chat.whatsapp.com/LnFhir7J5Wf3Qt7TktN6mE
1639459856,Bronze,Tem grupo,Grupo,https://chat.whatsapp.com/IjHp4Xcwz1WBaBduXFvLbe
1661960926,Bronze,Tem grupo,Grupo,https://chat.whatsapp.com/E4Kf4pq6GsT9mVJTLJBIdO
1665449142,Bronze,Tem grupo,Grupo,https://chat.whatsapp.com/EEiuubOHou3FiTT9WJaZt3
1690741909,Bronze,Tem grupo,Grupo,https://chat.whatsapp.com/EQPW7qloTDtDvp1dmyrRQD
1690741909,Bronze,Tem grupo,Grupo,https://chat.whatsapp.com/ES211BzXU6g8tXy227x9fQ
1692585264,Silver,Tem grupo,Grupo,https://chat.whatsapp.com/K0E77yI0eJF9s5ESp4laL9
1711897713,Silver,Tem grupo,Grupo,https://chat.whatsapp.com/K4ryLu97TmzLSvVbpopbTG
1712874783,Silver,Tem grupo,Grupo,https://chat.whatsapp.com/LIQYisA24wJ0zw1ZYSoa5t
1738465308,Silver,Tem grupo,Grupo,https://chat.whatsapp.com/HbFwDMJx0AVC31FJN6XwE1
1752757746,Silver,Tem grupo,Grupo,https://chat.whatsapp.com/BrKgJs8ZfYe4Jq2Lxim0u5
1752757746,Silver,Tem grupo,Grupo,https://chat.whatsapp.com/Bs4fqiU2Pn14a9S3KYT9n0
1752757746,Silver,Tem grupo,Grupo,https://chat.whatsapp.com/BVkeus8eGVkITYpjpoEmz5
1752757746,Silver,Tem grupo,Grupo,https://chat.whatsapp.com/D5LO2POkYumBQIDa9b3uAC
1752757746,Silver,Tem grupo,Grupo,https://chat.whatsapp.com/DFdDO8jkBoYFd5K8qaYYMD
1752757746,Silver,Tem grupo,Grupo,https://chat.whatsapp.com/DjYI5QuWJZ4F08APlvTbD4
1752757746,Silver,Tem grupo,Grupo,https://chat.whatsapp.com/EcCMCXfI8Wi3NkKOictKsH
1752757746,Silver,Tem grupo,Grupo,https://chat.whatsapp.com/EKTq4CtxKwP7gZ6BTFYWuN
1752757746,Silver,Tem grupo,Grupo,https://chat.whatsapp.com/EpDKEdwvmNRD7cxI3CELZt
1752757746,Silver,Tem grupo,Grupo,https://chat.whatsapp.com/EQKVfyMYOnc6TFrBdviPtV
1752757746,Silver,Tem grupo,Grupo,https://chat.whatsapp.com/EzSnE8ZllCaBLJKIPNTYkP
1752757746,Silver,Tem grupo,Grupo,https://chat.whatsapp.com/GKuORmY2jclAgrB6Gqdw31
1752757746,Silver,Tem grupo,Grupo,https://chat.whatsapp.com/JUSUpfthaRxJCPWIYzm2nq
1752757746,Silver,Tem grupo,Grupo,https://chat.whatsapp.com/KM8ibr3kpAc9SXLFKlFDVr
1752757746,Silver,Tem grupo,Grupo,https://chat.whatsapp.com/KNKJfnnvrMf9xv0DF4ssi6
1752757746,Silver,Tem grupo,Grupo,https://chat.whatsapp.com/L5EQXcJA9Xv1q04GRyZwGg
1752757746,Silver,Tem grupo,Grupo,https://chat.whatsapp.com/LfGZKe1Eld27e0fC7xsWak
1763078011,Bronze,Tem grupo,Canal,https://whatsapp.com/channel/0029Vaa8YsH1t90Z0iZKB33u
1768622098,Gold,Tem grupo,Grupo,https://chat.whatsapp.com/BS0HZuhXh6P7kRoI1gEqER
1768622098,Gold,Tem grupo,Grupo,https://chat.whatsapp.com/GLkH0HN0GuULUVZzmAIjIi
1768622098,Gold,Tem grupo,Grupo,https://chat.whatsapp.com/GPoq3zgqT5ALWMuBzX5o2V
1768622098,Gold,Tem grupo,Grupo,https://chat.whatsapp.com/JYdrnvd2obFHKhSZ4AaOOv
1776938790,Bronze,Tem grupo,Grupo,https://chat.whatsapp.com/GPmBCLglPFY5S6EUvXMUsE
1787797281,Gold,Tem grupo,Grupo,https://chat.whatsapp.com/EdhCcrHP1qU2zLOv2Sv4jP
1799164964,Silver,Tem grupo,Grupo,https://chat.whatsapp.com/Bck17o0khjQ3DcQd6NFxkY
1799164964,Silver,Tem grupo,Grupo,https://chat.whatsapp.com/DHbUCcY6a5k4fUFaGy8P0L
1799164964,Silver,Tem grupo,Grupo,https://chat.whatsapp.com/GidwuHyYUVU6i0AbaWdZ4C
1799164964,Silver,Tem grupo,Grupo,https://chat.whatsapp.com/LcO9yIwp0BzIgkTp4KGbbT
1815084683,Gold,Tem grupo,Grupo,https://chat.whatsapp.com/IUHQ3hfZaHXKyEOjcUSEhr
1827399957,Bronze,Tem grupo,Canal,https://whatsapp.com/channel/0029Va5C6Wk5kg74RSMcIN0z
1827399957,Bronze,Tem grupo,Canal,https://whatsapp.com/channel/0029Vb9W1iV0AgWFhNy53c0c
1833043019,Silver,Tem grupo,Grupo,https://chat.whatsapp.com/LyXmhuBHKDN9NZVi9SJpJ8
1850405221,Bronze,Tem grupo,Grupo,https://chat.whatsapp.com/GYHxYX0OiWLBGUVhXp4dOI
1856859073,Bronze,Tem grupo,Canal,https://www.whatsapp.com/channel/0029VavQ9i68aKvEJa01Si0s
1864837598,Bronze,Tem grupo,Grupo,https://chat.whatsapp.com/GtHgprWN4LyHsyz3fNM2lh
1875530332,Bronze,Tem grupo,Grupo,https://chat.whatsapp.com/FTsTDhuG2dw07UlqtSwy4H
1885573171,Silver,Tem grupo,Grupo,https://chat.whatsapp.com/B7B7IOWYF3zJrnOcCsT0lE
1890797680,Gold,Tem grupo,Canal,https://www.whatsapp.com/channel/0029VaEigmzIN9iuUTdlum27
1909872740,Bronze,Tem grupo,Grupo,https://chat.whatsapp.com/JMXb0p4jSL4ISVSQXlP9Yj
1946020572,Bronze,Tem grupo,Grupo,https://chat.whatsapp.com/LjxdpPAT9K378B0TTJSCEG
1947955373,Silver,Tem grupo,Grupo,https://chat.whatsapp.com/Hxfay43oaJJ45xfc7phl30
1954038151,Bronze,Tem grupo,Grupo,https://chat.whatsapp.com/JPppTZPZHUyLM5kkp6YVUA
2002635933,Silver,Tem grupo,Grupo,https://chat.whatsapp.com/GzGvOekOI1nLFI1oqhUrKI
2018031282,Silver,Tem grupo,Grupo,https://chat.whatsapp.com/HOvyBiFTiGHLVpyKYV3QQO
2018286552,Bronze,Tem grupo,Grupo,https://chat.whatsapp.com/B7oYpsK9ysED1orpEmEEKM
2046114897,Silver,Tem grupo,Canal,https://whatsapp.com/channel/0029VaH1sTrC6Zvonv3LRT0d
2057503925,Gold,Tem grupo,Grupo,https://chat.whatsapp.com/GfQptqIzC4SJCywtHvqtKw
2066492086,Bronze,Tem grupo,Grupo,https://chat.whatsapp.com/CHDLYYRxesw6o8gWMowQHj
2070668423,Bronze,Tem grupo,Grupo,https://chat.whatsapp.com/EOCkkuI3Rgq2vdqg8DRT2i
2070668423,Bronze,Tem grupo,Grupo,https://chat.whatsapp.com/Fj6sdBmyuLSAvYhjq2fwN1
2070668423,Bronze,Tem grupo,Grupo,https://chat.whatsapp.com/GlmyD91eQQkBrmQZgCaliT
2070668423,Bronze,Tem grupo,Grupo,https://chat.whatsapp.com/HGQZlnASDjC68rOESnXL3E
2070668423,Bronze,Tem grupo,Canal,https://whatsapp.com/channel/0029Vb6sxlo7j6fxoojXxs2Y
2159634895,Bronze,Tem grupo,Grupo,https://chat.whatsapp.com/FC8clNGNPFC1IJ6TXVYebL
2191021575,Bronze,Tem grupo,Grupo,https://chat.whatsapp.com/KJvkLUUQ2HvCUcNML1lZ8G
2205602295,Bronze,Tem grupo,Grupo,https://chat.whatsapp.com/E8SVTxjDOHd9xkfiSH7en8
2219662011,Bronze,Tem grupo,Grupo,https://chat.whatsapp.com/Epj3WvBjHTLFxjrojXM81Q
2219662011,Bronze,Tem grupo,Grupo,https://chat.whatsapp.com/HqBZEiWEfhoEBKviBFeOKE
2219662011,Bronze,Tem grupo,Grupo,https://chat.whatsapp.com/J5VsotjrWD1D2JkSytlAAw
2221972417,Silver,Tem grupo,Grupo,https://chat.whatsapp.com/DekiE4B0VQZLA1xe720OI3
2226978285,Silver,Tem grupo,Grupo,https://chat.whatsapp.com/B52LpA755qvIEAvYYLxO0S
2226978285,Silver,Tem grupo,Grupo,https://chat.whatsapp.com/BrqNS2g6TLEIMQIxCKl9OF
2226978285,Silver,Tem grupo,Grupo,https://chat.whatsapp.com/F7cKniHMUBi25IsCOSVRti
2226978285,Silver,Tem grupo,Grupo,https://chat.whatsapp.com/J0d39RNAv141fLnhxszxbh
2226978285,Silver,Tem grupo,Grupo,https://chat.whatsapp.com/LWiR30uknkM5FMrrvC7bd9
2238686778,Bronze,Tem grupo,Grupo,https://chat.whatsapp.com/IInMSA5U8EZIyFdd0NOPqS
2238686778,Bronze,Tem grupo,Canal,https://whatsapp.com/channel/0029VaXITW29Gv7P9eQYGU21
2284013461,Bronze,Tem grupo,Canal,https://www.whatsapp.com/channel/0029VamzgNhGJP8Dd5kG1d2U
2296094924,Silver,Tem grupo,Grupo,https://chat.whatsapp.com/EMCm5qR8XJCJlhpteajRUf
2342750641,Bronze,Tem grupo,Grupo,https://chat.whatsapp.com/JLCk1S4Wjm37G29BHwfNbu
2354114877,Bronze,Tem grupo,Grupo,https://chat.whatsapp.com/BKJjETRMnFl4xFGtcuIJBh
2354114877,Bronze,Tem grupo,Grupo,https://chat.whatsapp.com/CKfGjTXDqPiLyZchXT8diV
2354114877,Bronze,Tem grupo,Grupo,https://chat.whatsapp.com/EWovyDl7ilf2aHeQSkskp1
2354114877,Bronze,Tem grupo,Grupo,https://chat.whatsapp.com/F1jXGKSRDmk5uD8OO8aPke
2354114877,Bronze,Tem grupo,Grupo,https://chat.whatsapp.com/Gm02cjuPYCn57Hri403TbK
2354114877,Bronze,Tem grupo,Grupo,https://chat.whatsapp.com/Ifpsnjy1n9YGdYDidIM64s
2354114877,Bronze,Tem grupo,Grupo,https://chat.whatsapp.com/JgguZurb4E6KxYXkXLH4VY
2359144247,Bronze,Tem grupo,Canal,https://whatsapp.com/channel/0029VaCY2pE9mrGgKBr1Ba37
2378704472,Bronze,Tem grupo,Grupo,https://chat.whatsapp.com/FuNEn2SXIOc0LEFaNoaxNP
2393086063,Gold,Tem grupo,Grupo,https://chat.whatsapp.com/Ey0PyDtzhYC71HAguVRdEq
2417930507,Bronze,Tem grupo,Grupo,https://chat.whatsapp.com/GuUXqglkSDP4B3FMUCdG7A
2418855877,Silver,Tem grupo,Grupo,https://chat.whatsapp.com/Fm2AoR51NBt0vqP7jWjGkV
2434968281,Bronze,Tem grupo,Grupo,https://chat.whatsapp.com/CtY9K8iRnsxBMBlgkRmsZr
2458708537,Bronze,Tem grupo,Grupo,https://chat.whatsapp.com/BjbrMJllHTc5dDZijPOaXY
2458708537,Bronze,Tem grupo,Grupo,https://chat.whatsapp.com/DYkJuFIaTDvHg3gWjUyoib
2458708537,Bronze,Tem grupo,Grupo,https://chat.whatsapp.com/FKtpjijzqJT2kdP1BLXHEl
2458708537,Bronze,Tem grupo,Grupo,https://chat.whatsapp.com/FO7VfWeSi8V5AxYmINNlUx
2458708537,Bronze,Tem grupo,Grupo,https://chat.whatsapp.com/GBPPGJdNVWvDovnxcXTAvA
2458708537,Bronze,Tem grupo,Grupo,https://chat.whatsapp.com/KCzwUm1AkcRJlV3GctDBJF
2472950551,Silver,Tem grupo,Grupo,https://chat.whatsapp.com/EhPdIrMJWgyKhwKLN6dqhg
2478895056,Bronze,Tem grupo,Grupo,https://chat.whatsapp.com/Feh70ysRgRb3HTdcEDDcVz
2478895056,Bronze,Tem grupo,Canal,https://whatsapp.com/channel/0029Vb7RDlN17Emr5aQBAJ24
2487802727,Silver,Tem grupo,Grupo,https://chat.whatsapp.com/Lam45hlUcRv1L7ASr9YGQh
2514893588,Gold,Tem grupo,Grupo,https://chat.whatsapp.com/ENZyzx8XW4fFjRvvBcaLxA
2526989064,Bronze,Tem grupo,Grupo,https://chat.whatsapp.com/Cli01heBv4mAGFgx0U9aSH
2526989064,Bronze,Tem grupo,Grupo,https://chat.whatsapp.com/KWaBwyMo8B3IwaxdKN6dPl
2534577851,Silver,Tem grupo,Grupo,https://chat.whatsapp.com/I2L0dBamOZFFwbhjc1G2Ce
2540945911,Silver,Tem grupo,Grupo,https://chat.whatsapp.com/Hcmk7fXvGITERdK2bUhvMk
2540945911,Silver,Tem grupo,Grupo,https://chat.whatsapp.com/Hy96KNZxR1q44TzLhf8IBk
2560834610,Bronze,Tem grupo,Grupo,https://chat.whatsapp.com/CU4t0shoiYj3uyYBkRVcu5
2560834610,Bronze,Tem grupo,Grupo,https://chat.whatsapp.com/EgslnhMPRLK5ZzusjXODKK
2560834610,Bronze,Tem grupo,Grupo,https://chat.whatsapp.com/H52JfuCp6j2AIpl05Xmn6h
2577473496,Bronze,Tem grupo,Grupo,https://chat.whatsapp.com/DD9SxYdPU9j5jMhigzNA9j
2595529889,Gold,Tem grupo,Grupo,https://chat.whatsapp.com/JTIjC3SyVjDGW1WynEVlKa
2644774232,Gold,Tem grupo,Grupo,https://chat.whatsapp.com/Ha3nYpCOVd95IyxsSift1a
2644774232,Gold,Tem grupo,Grupo,https://chat.whatsapp.com/IOz3lbTKemQA1raEY1Gjoq
2648870365,Bronze,Tem grupo,Grupo,https://chat.whatsapp.com/ExAToQ1RvJ40fG9eylzdJd
2648870365,Bronze,Tem grupo,Grupo,https://chat.whatsapp.com/FptHSIHBIc4I1q7RoxqxK1
2650443175,Gold,Tem grupo,Grupo,https://chat.whatsapp.com/DnSbf2Wl38j49jVjXPElGw
2651081363,Silver,Tem grupo,Grupo,https://chat.whatsapp.com/JA70JzSvVvv5J1OlX8P61S
2669248973,Gold,Tem grupo,Grupo,https://chat.whatsapp.com/IyVPibpXIDVKJZKRdVzXbW
2671243577,Silver,Tem grupo,Grupo,https://chat.whatsapp.com/G5FCYE83btJ91MqwcV3ni2
2683269260,Gold,Tem grupo,Grupo,https://chat.whatsapp.com/Iv120b4mhWRLGVdAgqiLrH
2697350057,Silver,Tem grupo,Grupo,https://chat.whatsapp.com/Ekvo0DCDTNz5ZWf6SCxvnD
2716163380,Silver,Tem grupo,Grupo,https://chat.whatsapp.com/IISYrvFmFYYD0fABnhCUlr
2901295274,Silver,Tem grupo,Grupo,https://chat.whatsapp.com/GguJ0QtVOgJJPZ33g25Jf8
2907265272,Bronze,Tem grupo,Grupo,https://chat.whatsapp.com/GLLMaVmvLLNAvOJgOxN2Oo
2908237301,Silver,Tem grupo,Grupo,https://chat.whatsapp.com/JCQYYZxE3zT4WmG6jFWEdQ
2950832623,Bronze,Tem grupo,Canal,https://whatsapp.com/channel/0029Vb6TeYy3AzNQ4g92kp3J
2950832623,Bronze,Tem grupo,Canal,https://www.whatsapp.com/channel/0029Vb6TeYy3AzNQ4g92kp3J