cust_id,Classifica√ß√£o Atual,deals group on wpp?,tipo_link,link Whatsapp,group_id,group_name,monitorado,device
1156678,Bronze,Tem grupo,Grupo,https://chat.whatsapp.com/DPhMOhEaNGHGQ0zX6HKzbw,120363424523362434@g.us,#61 Grupo Vip Home & Ofertas,Sim,waha-meli-2
3573775,Bronze,Tem grupo,Grupo,https://chat.whatsapp.com/B74jYLXhWTwJtf9mnGWsIX,120363422156415100@g.us,GARIMPOS FIT #4,Sim,waha-meli-2
4621837,Silver,Tem grupo,Grupo,https://chat.whatsapp.com/D2bmqI22nH555DlWj7aM3K,120363419894519525@g.us,@achadinhoscomcarol üõçÔ∏è 15,Sim,waha-meli-3
6454024,Silver,Tem grupo,Grupo,https://chat.whatsapp.com/FSFrucHSylmCoY6RrYP9DA,120363361699812635@g.us,Mulher Estilosa #31,Sim,waha-meli-2
8467064,Bronze,Tem grupo,Canal,https://www.whatsapp.com/channel/0029VbBdHaXDDmFOwpEd5u0f,120363418735996273@newsletter,HUB das Ofertas,Sim,waha-meli-2
19468151,Silver,Tem grupo,Grupo,https://chat.whatsapp.com/E4hF8QbcKen6PTAIttYP2t,120363387827127363@g.us,"Indiquei Descontos ""Run/Fitness"" #1",Sim,waha-meli-2
30107921,Bronze,Tem grupo,Grupo,https://chat.whatsapp.com/KNG2idz9p0A7HhgKxDhj5E,120363223413458114@g.us,Links da Kah,Sim,waha-meli-3
44352982,Gold,Tem grupo,Canal,https://www.whatsapp.com/channel/0029Vb6EHc1KmCPTwxvrbT10,120363398481030915@newsletter,PROMO√á√ïES TJ GAMING,Sim,waha-meli-teste
45185619,Bronze,Tem grupo,Grupo,https://chat.whatsapp.com/HqjX04hPBuc5VzeJvLVJwY,5521983928913-1635937082@g.us,Espi√£ de Farm√°cia 5,Sim,waha-meli-2
47190880,Bronze,Tem grupo,Grupo,https://chat.whatsapp.com/IglXEIKL0X6Fco4ika2iz5,120363339148867926@g.us,Promo√ß√µes e Cupons #1üî•,Sim,waha-meli-3
47897711,Bronze,Tem grupo,Grupo,https://chat.whatsapp.com/DiaQsENFguqJvobfT8ohim,120363287089062163@g.us,Promos √öteis üõí #2,Sim,waha-meli-2
48673895,Bronze,Tem grupo,Grupo,https://chat.whatsapp.com/DWDwzf67UGk5aP5lHgfUdX,120363044186231507@g.us,#55T√° Barato Talitaüë©üèΩ‚ÄçüíªHOMEN,Sim,waha-meli-2
51597294,Silver,Tem grupo,Canal,https://whatsapp.com/channel/0029Var77uB9Gv7MiEk3zM0p,120363363220332210@newsletter,Cadeiras de Escrit√≥rio Promo√ß√µes,Sim,waha-meli-2
51908994,Bronze,Tem grupo,Grupo,https://chat.whatsapp.com/JZRnJkTAZNtH0YXBg0QdmS,120363204406955026@g.us,Descontos e Promo√ß√µes üõçÔ∏è,Sim,waha-meli-3
54685868,Silver,Tem grupo,Grupo,https://chat.whatsapp.com/ByR4LiHfPZtIEZVDccJUBU,120363400958158475@g.us,Achados da Luki #6‚ô•Ô∏è,Sim,waha-meli-3
54887919,Bronze,Tem grupo,Grupo,https://chat.whatsapp.com/BRi7hA0DnbXB1y8cQgNhKN,120363151010767632@g.us,Dicas da Jeni 3,Sim,waha-meli-3
59018115,Bronze,Tem grupo,Grupo,https://chat.whatsapp.com/Jl7c2FyLSck7H9n8066kfB,120363423025571870@g.us,#25 Ofertas Baby | √ÅREA VIP üåü,Sim,waha-meli-2
75387792,Bronze,Tem grupo,Canal,https://www.whatsapp.com/channel/0029VbBhzuQLtOj9cerbqT1R,120363422377299875@newsletter,Promo√ß√µes Mind the Headphone,Sim,waha-meli-3
76331531,Gold,Tem grupo,Grupo,https://chat.whatsapp.com/H1D0o274zFr9tn7j6zuXFu,120363295362974406@g.us,Especialista em TI #07,Sim,waha-meli-teste
79957918,Bronze,Tem grupo,Grupo,https://chat.whatsapp.com/Blf30ljQJrMHkJU9O95M1B,120363418908050091@g.us,Cuidados com a Mam√£e by Dicas dos Papais,Sim,waha-meli-2
81075199,Silver,Tem grupo,Grupo,https://chat.whatsapp.com/BlrfW6AFLntL7AQf5MXk4X,120363421415542167@g.us,Ofertas e Cupons TALITA CAVALCANTE,Sim,waha-meli-3
83215915,Bronze,Tem grupo,Canal,https://www.whatsapp.com/channel/0029Va7jECnCcW4tZ15e8v1v,120363172116034295@newsletter,üîµ Como Clube,Sim,waha-meli-3
84848607,Bronze,Tem grupo,Grupo,https://chat.whatsapp.com/KZqNKZ8s7LK8Qb1E7LLRLI,120363359734292336@g.us,ùüµùü∞ ‚Ä¢ ùó£ùó•ùó¢ùó†ùó¢ùó¶ ùóóùóî ùóûùóòùóú üõçÔ∏è,Sim,waha-meli-3
85783542,Bronze,Tem grupo,Grupo,https://chat.whatsapp.com/D0BHUR4FcN268LsrdkU9ei,120363400319175050@g.us,#PROMOS E CUPONS PARA CICLISMO #3,Sim,waha-meli-2
89888506,Gold,Tem grupo,Canal,https://www.whatsapp.com/channel/0029Vb6r5APCRs1p922GQk3R,120363404182205052@newsletter,VACA OFERTAS,Sim,waha-meli-teste
92792646,Silver,Tem grupo,Grupo,https://chat.whatsapp.com/GQYzvIVqQqaHShsUod5G15,120363299357849522@g.us,Cout 02 üáßüá∑ Promo√ß√µes e Info,Sim,waha-meli-3
98661101,Silver,Tem grupo,Grupo,https://chat.whatsapp.com/IP7vNMXAze68XRA2syTJc6,120363366092052337@g.us,Promo√ß√£o Eng. Adriano Vanjura,Sim,waha-meli-2
99920305,Bronze,Tem grupo,Grupo,https://chat.whatsapp.com/LaIT7T7Lnm61tYbSRXlwfi,120363184958449197@g.us,Ofertas - MB50,Sim,waha-meli-2
103593513,Silver,Tem grupo,Grupo,https://chat.whatsapp.com/Bs0eTp3UgLP5B4XUuN5bce,120363424028991395@g.us,ISAAC 217 - VIP #06,Sim,waha-meli-3
107916024,Bronze,Tem grupo,Grupo,https://chat.whatsapp.com/IVpd2jrQu7NE3tWCpQdsEA,120363400077087250@g.us,[JTECH] Promo√ß√µes Gamer #101,Sim,waha-meli-2
116913346,Bronze,Tem grupo,Grupo,https://chat.whatsapp.com/HM6ZWEDrIOWIJtATlEsYdN,120363420305187762@g.us,Promos L√™ Borges,Sim,waha-meli-2
119153550,Bronze,Tem grupo,Grupo,https://chat.whatsapp.com/H7b70IeJmt4JLhVwlTzXKt,120363422515347054@g.us,S√≥ Promo√ß√µes OFF do Dia 0Ô∏è‚É£8Ô∏è‚É£üõçÔ∏èüõí,Sim,waha-meli-2
126659569,Bronze,Tem grupo,Grupo,https://chat.whatsapp.com/KFCBOwt8UCJ7ohDqz5IQpq,120363419810622220@g.us,PROMOS DA MARCIOLIVER #6,Sim,waha-meli-3
127000419,Silver,Tem grupo,Grupo,https://chat.whatsapp.com/93LXSioagaoBDor4zWvLNC,5519997134690-1535754083@g.us,Grupo Menor Pre√ßo 1,Sim,waha-meli-2
127813707,Bronze,Tem grupo,Grupo,https://chat.whatsapp.com/IcXesEognoYBVkT3XgX3Uo,120363418144652632@g.us,Grupo de ofertas Maurilho Tech üî•,Sim,waha-meli-2
129155745,Bronze,Tem grupo,Grupo,https://chat.whatsapp.com/J3KuIi9m5FKHvjpTFp9xcx,120363405852001250@g.us,@comprandoemcasa VII,Sim,waha-meli-2
129429765,Gold,Tem grupo,Grupo,https://chat.whatsapp.com/LcJ4nacBzODJ56u4VWXKpK,120363417831684690@g.us,@dicasdasaa 6,Sim,waha-meli-teste
129772863,Silver,Tem grupo,Grupo,https://chat.whatsapp.com/EgkspEb3wfuCI6MpkiNaaY,120363422664593235@g.us,Promos e Cupons do dia ‚ú® 10 @achadoseconomyza,Sim,waha-meli-3
129828195,Gold,Tem grupo,Grupo,https://chat.whatsapp.com/EunVDudvQH3E4lZMDbNRVi,120363419609800993@g.us,PROMOS GERAL #42,Sim,waha-meli-teste
133467538,Silver,Tem grupo,Grupo,https://chat.whatsapp.com/BS66ClwRevPEs87P4lNc3C,120363423752428538@g.us,"üíúDica da Maiüíú Bugs, cupons e ofertas #21",Sim,waha-meli-3
133993243,Silver,Tem grupo,Grupo,https://chat.whatsapp.com/G6nAd5iRya39p0aW79o0iK,,,Sim,waha-meli-3
134739278,Silver,Tem grupo,Grupo,https://chat.whatsapp.com/CYvzoimZmm8E3j0hM2egoW,120363422789032957@g.us,#31 CMdias(envio de promo e cupons),Sim,waha-meli-2
138261262,Silver,Tem grupo,Canal,https://www.whatsapp.com/channel/0029Vb6knTI7z4kgXAHrcE0B,120363423929239937@newsletter,TECNAN OFERTAS 2,Sim,waha-meli-3
141137057,Gold,Tem grupo,Grupo,https://chat.whatsapp.com/JuniiVMAE5CJ4Bvx06qrVe,120363420363659006@g.us,üíã@Promodegarota 62 - Promo√ß√µes e Cuponsüíñ,Sim,waha-meli-teste
144342229,Bronze,Tem grupo,Grupo,https://chat.whatsapp.com/J2gHoyWP2y98QdTX0W7U70,120363313309522108@g.us,PROMO√á√ïES JESSICA NEVILE,Sim,waha-meli-2
147294155,Bronze,Tem grupo,Grupo,https://chat.whatsapp.com/GlZbsfe4H0q7GdhETjruhL,120363147672890533@g.us,IMPORTA√á√ÉO MINHA VIDA ( LEANDRO CONSTANTINO ),Sim,waha-meli-2
149518102,Silver,Tem grupo,Grupo,https://chat.whatsapp.com/DPSge6JrWbRBHGU13akE6T,120363403350942477@g.us,Bizu das Promo√ß√µes 70,Sim,waha-meli-2
151927388,Bronze,Tem grupo,Grupo,https://chat.whatsapp.com/F8Iuf8PvkJIK2Xz8IjEzfo,120363401354807474@g.us,üé≤üé≤ Oferta Boardgames 2 üì¢ / @gameboxtabuleiro,Sim,waha-meli-2
152436288,Silver,Tem grupo,Grupo,https://chat.whatsapp.com/BfBkmyemsuGBkik1z0Syk7,120363421218198118@g.us,Guga Aprova ‚úÖ DESCONTOS - 25,Sim,waha-meli-2
154221658,Silver,Tem grupo,Grupo,https://chat.whatsapp.com/FAj3NgKn5D9JX9S6yXTFzm,120363420939068453@g.us,üõçüå∏ A promo da Luh - G26,Sim,waha-meli-2
155205923,Bronze,Tem grupo,Grupo,https://chat.whatsapp.com/GdY4N7aqCv13r3uZ6qdx2L,120363161380643387@g.us,PROMOS - HOME SYAüè†‚ú®,Sim,waha-meli-2
155523724,Gold,Tem grupo,Grupo,https://chat.whatsapp.com/LmSpg1uExmV4ySZd21OnWB,120363400036889703@g.us,Encontrei na web promo√ß√µes #46,Sim,waha-meli-teste
157729823,Bronze,Tem grupo,Canal,https://whatsapp.com/channel/0029VaYSR7LJ93wb5eyDRq0j,120363275254873072@newsletter,Lok√£o das Promos,Sim,waha-meli-2
161660180,Bronze,Tem grupo,Grupo,https://chat.whatsapp.com/EJGV6vSfWXsB4JCDo5RfB6,120363424087203166@g.us,@oqcomprei Perfumes | 04,Sim,waha-meli-3
163733884,Bronze,Tem grupo,Grupo,https://chat.whatsapp.com/CxuUhB4Rw2KC7MWHnm8cBo,120363412367655025@g.us,PROMO√á√ïES DO DIA üß° (4),Sim,waha-meli-2
165269796,Silver,Tem grupo,Canal,https://whatsapp.com/channel/0029Vb6KTOB0LKZN2ee2co0y,120363419823909881@newsletter,Ofertas do Felipin üõíüéüÔ∏è,Sim,waha-meli-2
167650333,Bronze,Tem grupo,Canal,https://whatsapp.com/channel/0029VbB2qh4KwqSSQ7RSEf0Z,120363419068828675@newsletter,Cupons - Ofertas - Achadinhos - Canal Alishow Variedades,Sim,waha-meli-3
168939981,Bronze,Tem grupo,Grupo,https://chat.whatsapp.com/D6Ju7U58xCB0dJFgoBxWMF ,,,Sim,waha-meli-3
172678449,Bronze,Tem grupo,Grupo,https://chat.whatsapp.com/CipST1WEa0QHV7EVQz3dQu,120363420190145308@g.us,Achei pra tu üõí 2,Sim,waha-meli-2
173454411,Silver,Tem grupo,Grupo,https://chat.whatsapp.com/CiyFk5mh0R1EIfnDF5hqEy,120363391141524243@g.us,PECHINCHANDO LOOKS üëöüëó,Sim,waha-meli-3
177778397,Bronze,Tem grupo,Grupo,https://chat.whatsapp.com/LtYzU2gOTkfE58WqRwwatH,120363374241614435@g.us,ACHADINHOS DA ODONTO #2,Sim,waha-meli-3
178031903,Bronze,Tem grupo,Grupo,https://chat.whatsapp.com/B4hneW5f4188GBsNQzY4AS,120363321328518946@g.us,#01 Achadinhos da Manicure Grupo #01,Sim,waha-meli-2
178915286,Bronze,Tem grupo,Grupo,https://chat.whatsapp.com/Gjn7jhEcEyq0FjxCJll5Mx,120363424143395187@g.us,PROMO DA ERIS,Sim,waha-meli-3
179805980,Bronze,Tem grupo,Grupo,https://chat.whatsapp.com/EYlCCSV04iWCtmGvNO2TtA,120363419317721659@g.us,PROMO√á√ïES DO DIA ‚ú® |  #02 @achadosdoguru,Sim,waha-meli-3
181507452,Gold,Tem grupo,Canal,https://whatsapp.com/channel/0029Vb1VwZ06hENuJrdxmC37,120363402295166761@newsletter,BIZU PARA CASA üè† Promo√ß√µes e Cupons   ,Sim,waha-meli-teste
182127937,Silver,Tem grupo,Grupo,https://chat.whatsapp.com/JacwIV6CLom60nkpYBbMwp,120363406180610712@g.us,Tech Deals üéØ [35],Sim,waha-meli-2
183117136,Bronze,Tem grupo,Grupo,https://chat.whatsapp.com/HpO4DH6vdcqFJfVWwxD8U7,120363040307279344@g.us,G&L Promo√ß√µes 1 üõçÔ∏èüõí,Sim,waha-meli-3
186353943,Bronze,Tem grupo,Grupo,https://chat.whatsapp.com/BuTil6mJ6gN14y3cKgqg2F,120363327434276289@g.us,Ofertas da hora do almo√ßo 9üõçÔ∏è,Sim,waha-meli-3
186778702,Bronze,Tem grupo,Grupo,https://chat.whatsapp.com/FhEZ35BVmBVDshfzNsB6X1,120363394409065009@g.us,5Promo Mam√£es econ√¥micas,Sim,waha-meli-2
186825611,Bronze,Tem grupo,Grupo,https://chat.whatsapp.com/JbzoIvAQVSIKdzMHK1Xuyo,556692243055-1614900270@g.us,Garage Honda City 2,Sim,waha-meli-2
189307190,Silver,Tem grupo,Grupo,https://chat.whatsapp.com/H8EWddEjTvA8nZqXAnTPxu,120363423849858487@g.us,üéüÔ∏è#20 Cupons do Oda - Equipamentos de Foto e V√≠deo,Sim,waha-meli-3
189407558,Bronze,Tem grupo,Grupo,https://chat.whatsapp.com/KjmW2ZHK0ET3yR55mumHxo,120363029026112721@g.us,Promos por Jenni üõçÔ∏è¬π‚Å∞,Sim,waha-meli-3
190304867,Bronze,Tem grupo,Grupo,https://chat.whatsapp.com/H7n2SPPkQ3B6I8bXUpFnjq,120363042443318293@g.us,#acheipravoce#3,Sim,waha-meli-2
190396660,Bronze,Tem grupo,Grupo,https://chat.whatsapp.com/IkpUHgtQC4TKbyc7QHlpPR,120363365501406438@g.us,Promo do dia‚ú® #4 - @ACHADOSDASCAR üéÄ,Sim,waha-meli-2
190857011,Bronze,Tem grupo,Grupo,https://chat.whatsapp.com/BDMk3Guusa4IUOaFez7Cea,120363421692731647@g.us,25¬∞ üõçÔ∏èGRUPO LOVE ACHADINHOS/ PROMO,Sim,waha-meli-3
194918152,Silver,Tem grupo,Grupo,https://chat.whatsapp.com/LFSAK6llaEVEQtUBg6rtIZ,120363425109008381@g.us,üèÅ Promo√ß√µes Off Road #05,Sim,waha-meli-2
196205822,Silver,Tem grupo,Grupo,https://chat.whatsapp.com/DeWNp1wLc556oFMPzCK1p5,120363408333058752@g.us,ACHADINHOS DA DRI 16,Sim,waha-meli-3
199199140,Gold,Tem grupo,Grupo,https://chat.whatsapp.com/DYO3GUfjbNi6ZLlYEBc0hG,120363024686001502@g.us,Tech BR Ofertas,Sim,waha-meli-teste
200159850,Silver,Tem grupo,Canal,https://www.whatsapp.com/channel/0029Vb6Vz5D3WHTcixlIC035,120363418759447101@newsletter,Di√°rio da Promo - Geral,Sim,waha-meli-3
200355621,Silver,Tem grupo,Grupo,https://chat.whatsapp.com/IgaWWqDOpnV9uQwvsG50Ge,120363321909379363@g.us,üõç Sergipe Ofertas #01,Sim,waha-meli-2
200949990,Bronze,Tem grupo,Grupo,https://chat.whatsapp.com/KIupqFGg9l9IBTHq8rlSgQ,120363419149547489@g.us,Ofertas da Gio üß°,Sim,waha-meli-3
202022997,Silver,Tem grupo,Grupo,https://chat.whatsapp.com/L0cgviZ43SD9j6RgA0XL2g,120363345422685998@g.us,üî•Ofertas na tela 4Ô∏è‚É£,Sim,waha-meli-2
202938526,Bronze,Tem grupo,Canal,https://www.whatsapp.com/channel/0029VbBaHiEGU3BIYEcM5T3H,120363403323972055@newsletter,Ofertas/Promo Girou Chegou ,Sim,waha-meli-2
204957772,Bronze,Tem grupo,Grupo,https://chat.whatsapp.com/BSrDYH1kaBj3K5blUhO3d9,120363024573350160@g.us,VIVO DE PROMOS 01 üõç,Sim,waha-meli-3
205255635,Bronze,Tem grupo,Grupo,https://chat.whatsapp.com/BUhrpi6K2hW89IZpM4edNx,120363383500871474@g.us,Promos 24 Horas #49,Sim,waha-meli-3
205890946,Bronze,Tem grupo,Grupo,https://chat.whatsapp.com/ENJSrYU3res7ZO65gFFhh7,120363406395102163@g.us,PROMOS DA LOUISE üêæüê∂,Sim,waha-meli-2
206813338,Bronze,Tem grupo,Grupo,https://chat.whatsapp.com/Im30uqf52UwEc52ql0S9li,120363421321633280@g.us,PROMO√á√ïES DO DIA‚ú® - #21 @achadodeamica.br,Sim,waha-meli-2
208763779,Bronze,Tem grupo,Grupo,https://chat.whatsapp.com/BmN9ffDVUwgAC7wPy1Wqrl,120363045152243726@g.us,Buzz Promos 22 üõçÔ∏è,Sim,waha-meli-2
209297929,Bronze,Tem grupo,Grupo,https://chat.whatsapp.com/BvmTQaqhkpaE96QMeUUCsc,120363421921880842@g.us,PromoFit Club üèã‚Äç‚ôÄüíö #1,Sim,waha-meli-3
212408657,Bronze,Tem grupo,Grupo,https://chat.whatsapp.com/DBxeUw7yB0xETIBjHlASiq,120363417879550653@g.us,GRUPO 1 IMPRESS√ÉO 3D,Sim,waha-meli-2
214152484,Gold,Tem grupo,Grupo,https://chat.whatsapp.com/HJKjq4LJrS7KbGSWv04J5P,120363421645874543@g.us,PROMO√á√ïES DO DIA #43üõçÔ∏è @achadosdatai.br,Sim,waha-meli-teste
214393868,Bronze,Tem grupo,Grupo,https://chat.whatsapp.com/DNixN0ZyK3sL7SzzsN3E5v,120363320838043034@g.us,OfertaFitBR #1,Sim,waha-meli-3
215567487,Bronze,Tem grupo,Grupo,https://chat.whatsapp.com/BTzBd9CZROF6fJDAVErMQe,120363423192274691@g.us,Achadinhos da Prii 9 üõçÔ∏è,Sim,waha-meli-2
215861349,Bronze,Tem grupo,Grupo,https://chat.whatsapp.com/BATx3ngX7wf4ZJMDvMoWtj,120363422112455468@g.us,MAMAE_ACHOUPROMO #26,Sim,waha-meli-3
216061197,Bronze,Tem grupo,Grupo,https://chat.whatsapp.com/FJgjCdc3Kaj2V7qzh0HaXW,120363418128407553@g.us,PromoLand üõçÔ∏è #9,Sim,waha-meli-2
217901401,Bronze,Tem grupo,Grupo,https://chat.whatsapp.com/FV9tUZPC91hBxtsREeWd7j,120363404340042162@g.us,Meu achadinho favorito,Sim,waha-meli-3
221861528,Bronze,Tem grupo,Grupo,https://chat.whatsapp.com/IMOcURMw4WtDUkLzbidJI8,120363334175814779@g.us,MILPROMOSBELEZA,Sim,waha-meli-2
222432233,Bronze,Tem grupo,Grupo,https://chat.whatsapp.com/L9nU6a7FMwuKxsjme3z7q3,120363417660296397@g.us,G1- AMIGAS DAS PROMOS üõçÔ∏èüíï,Sim,waha-meli-2
222773587,Bronze,Tem grupo,Grupo,https://chat.whatsapp.com/KdHqQjNeo8c7tBhWHA4k9L,120363023467907332@g.us,Mercado Dicas 02üõíüõçüè†,Sim,waha-meli-3
223570809,Silver,Tem grupo,Grupo,https://chat.whatsapp.com/B7e6A1jz5kn9ZaAR8ZVQz4,120363044296519626@g.us,Tal de Descontinho #9,Sim,waha-meli-2
224396924,Silver,Tem grupo,Grupo,https://chat.whatsapp.com/DttpJssKt3qGSbJ56QIVMC,5511957591590-1541595538@g.us,PROMO 9¬∫,Sim,waha-meli-2
226046758,Gold,Tem grupo,Grupo,https://chat.whatsapp.com/DzX3pY1A2rO2YNSNOqDJMI,120363317889921192@g.us,#300 Promo Rel√¢mpago MEN,Sim,waha-meli-teste
227069148,Gold,Tem grupo,Grupo,https://chat.whatsapp.com/KIVUNH9QcnSHbZTRsyF0Eg,120363405838880155@g.us,Juao Cupons e Ofertas #12,Sim,waha-meli-teste
228129723,Bronze,Tem grupo,Grupo,https://chat.whatsapp.com/IvriEJYVnVtE0b9KojDwCR,,,Sim,waha-meli-2
230037521,Bronze,Tem grupo,Grupo,https://chat.whatsapp.com/FST2173m0XNBIT2XGBIKMX,5521965954675-1606356761@g.us,PROMOS DA ZAGA,Sim,waha-meli-3
237714394,Bronze,Tem grupo,Grupo,https://chat.whatsapp.com/EhgFmmu99fXG2HEi7vh7bC,120363424123320223@g.us,26 - PROMOS CARIOCAS,Sim,waha-meli-2
238429732,Silver,Tem grupo,Grupo,https://chat.whatsapp.com/JFKcdEfI35rJex3voVqlOl,120363347175779151@g.us,Garimpos do Math - #06,Sim,waha-meli-2
243975250,Bronze,Tem grupo,Grupo,https://chat.whatsapp.com/F9uPnIuk1PsFmPiQ7CjmYq,120363403944446589@g.us,Achadinhos da Mih 2,Sim,waha-meli-3
246606087,Silver,Tem grupo,Grupo,https://chat.whatsapp.com/F9HGuqqYO4RFmCOQnblB8D,553287085789-1598643431@g.us,Clube dos Descontos ‚öúÔ∏è,Sim,waha-meli-3
246973604,Bronze,Tem grupo,Grupo,https://chat.whatsapp.com/Eb5QsXKleA4L9Cy5UBkEwr,120363369130812065@g.us,DICAS E PROMOS 19 üõíüõçÔ∏è,Sim,waha-meli-3
247374806,Bronze,Tem grupo,Grupo,https://chat.whatsapp.com/DAGYSW0Ta2z4uBgf41JxFA,120363351592918808@g.us,No precinho.com #2,Sim,waha-meli-3
262663582,Bronze,Tem grupo,Grupo,https://chat.whatsapp.com/J9RzLhuLh3w6EN3uueHrcc,120363404143186463@g.us,Rainha do Bug 41,Sim,waha-meli-2
263391604,Gold,Tem grupo,Grupo,https://chat.whatsapp.com/DhkL8uuS1oXKO5Ux9LCkHs,120363421376761813@g.us,S√≥ Promo√ß√µes do dia #82,Sim,waha-meli-teste
264041761,Bronze,Tem grupo,Grupo,https://chat.whatsapp.com/DytAPlCQPHRHXLLHDw3js5,120363330656589638@g.us,Achadinhos da Ana 08,Sim,waha-meli-3
268850426,Gold,Tem grupo,Grupo,https://chat.whatsapp.com/LBrUk2OL2cH52HShiCpSMT,120363404994865282@g.us,üíõ#20 OFERTAS JEFF RECOMENDA,Sim,waha-meli-teste
269270808,Bronze,Tem grupo,Grupo,https://chat.whatsapp.com/Goov6WvaP2j584yf5bbnVq,120363423259850859@g.us,#12 EMP√ìRIO DO PERFUME ‚ö°Ô∏è,Sim,waha-meli-2
269721398,Bronze,Tem grupo,Grupo,https://chat.whatsapp.com/F1jViMsKHuY7RpCoPoUbhq,120363424194092850@g.us,Tudo ON Promo√ß√µes #4,Sim,waha-meli-2
271356022,Bronze,Tem grupo,Grupo,https://chat.whatsapp.com/H49zUz1Z93809ZS9vJh8Ay,120363211151572693@g.us,#1 Promo√ß√µes & Descontos üõçÔ∏èüí∏,Sim,waha-meli-3
271562467,Silver,Tem grupo,Grupo,https://chat.whatsapp.com/EH8QGKRjjkeJyfA0TnGuLp,,,Sim,waha-meli-3
272209245,Bronze,Tem grupo,Grupo,https://chat.whatsapp.com/7YjXDzQNKAl0Yw0fyqNJww,553599512098-1442766492@g.us,Grupo Sniper de Tiro,Sim,waha-meli-2
273751814,Bronze,Tem grupo,Grupo,https://chat.whatsapp.com/GCgjQyHteZ49QpesP8BdVC,120363278420604806@g.us,üõçÔ∏è PROMOS & CUPONS | 1,Sim,waha-meli-2
273918121,Bronze,Tem grupo,Grupo,https://chat.whatsapp.com/I2RoMkhy49cHiIkZyjer1q,120363404796958792@g.us,BAP Garage OFERTAS e CUPONS,Sim,waha-meli-2
281170132,Silver,Tem grupo,Canal,https://whatsapp.com/channel/0029VaBTmUr5K3zMxPBUdN2K,120363168678457769@newsletter,"Economizanderson - Promo√ß√µes , Cupons",Sim,waha-meli-2
284855023,Bronze,Tem grupo,Grupo,https://chat.whatsapp.com/BcrmLySElYpDqAZfFJaCd4,120363394031682162@g.us,Amiga Das Promos 4 ‚ú®ü§©,Sim,waha-meli-3
286249876,Silver,Tem grupo,Grupo,https://chat.whatsapp.com/H8QOWi2t6GRGAN5Ff2CV9R,120363422648627567@g.us,Achei na Promo | 02,Sim,waha-meli-2
287782494,Bronze,Tem grupo,Grupo,https://chat.whatsapp.com/GThkMkKAiipAGrbNNd46Th,120363040363876065@g.us,PROMOS DA NATH üõçÔ∏èüéÄ [4],Sim,waha-meli-3
291812584,Bronze,Tem grupo,Grupo,https://chat.whatsapp.com/Cx4VJgnKf8f8sfZ6l557gu,120363426563876691@g.us,MD LINKS #16,Sim,waha-meli-2
293046454,Bronze,Tem grupo,Canal,https://www.whatsapp.com/channel/0029VbAwC1c9Bb5yY0BFem1d,120363403383998639@newsletter,Promo√ß√µes Envolto Tech,Sim,waha-meli-3
293720044,Bronze,Tem grupo,Grupo,https://chat.whatsapp.com/EEvGKkVoocLH9aNvzKPwzl,120363042284304568@g.us,Promo√ß√µes Fam√≠lia 44,Sim,waha-meli-2
294107410,Bronze,Tem grupo,Canal,https://www.whatsapp.com/channel/0029VaXY53I9RZATLbuFWR1b,120363287994197958@newsletter,Foguet√£o das Promos - TECH ,Sim,waha-meli-2
296354169,Bronze,Tem grupo,Grupo,https://chat.whatsapp.com/FT5vdyziII1IQmAp7tuqz4,120363232703689285@g.us,Let√≠cia Casa e Decora√ß√£o #01,Sim,waha-meli-2
297607087,Bronze,Tem grupo,Grupo,https://chat.whatsapp.com/ERLAUaPyEnO8HuorgV84lo,120363423107387662@g.us,PROMO√á√ïES DO DIA #19,Sim,waha-meli-3
297863053,Bronze,Tem grupo,Grupo,https://chat.whatsapp.com/KPILWmSDXxfBoj5bjFjhrX,120363284386612051@g.us,PROMOS DA NESSA üõçÔ∏è3Ô∏è‚É£ @nessaachou,Sim,waha-meli-2
307934370,Silver,Tem grupo,Grupo,https://chat.whatsapp.com/HwBzTLAUKQLFUAcWfmaoXK,120363299453231926@g.us,Grupo de Ouro 1Ô∏è‚É£ ELETR√îNICOS ü•á,Sim,waha-meli-2
317818364,Bronze,Tem grupo,Grupo,https://chat.whatsapp.com/B6cVL7qdoxRGTR0vviBLiT,120363306426030202@g.us,OFERTAS SHOPEE üõí,Sim,waha-meli-3
322502351,Gold,Tem grupo,Canal,https://whatsapp.com/channel/0029Va91Xno9WtC8aPsISF1S,120363179961855688@newsletter,SantostecPromo,Sim,waha-meli-teste
323819368,Silver,Tem grupo,Grupo,https://chat.whatsapp.com/L6ClBo7O1gx8bzi7ENGd37,120363423862385521@g.us,A Lupa Promo√ß√µes #40,Sim,waha-meli-2
329855491,Bronze,Tem grupo,Canal,https://whatsapp.com/channel/0029Vb6Rt8oLNSZwbeVZTj18,120363403841711761@newsletter,RHAVISOUND PROMO√á√ïES ,Sim,waha-meli-2
330532268,Gold,Tem grupo,Grupo,https://chat.whatsapp.com/HSIPwhZnkos4Q4upFSVlue,120363423299479775@g.us,Achados Originais G031,Sim,waha-meli-teste
340577258,Silver,Tem grupo,Grupo,https://chat.whatsapp.com/IqL8NLXgBPsJOqjPsQJce8,120363298018377845@g.us,PromosDay - Promo√ß√µes,Sim,waha-meli-2
342729046,Bronze,Tem grupo,Canal,https://whatsapp.com/channel/0029Vb78YSn1iUxgqFPS9x1i,120363404856390150@newsletter,CT - Promo√ß√µes e Cupons üõí,Sim,waha-meli-2
358402522,Bronze,Tem grupo,Grupo,https://chat.whatsapp.com/CFYwI669SIOF6h8Dspgdfw,120363360743146571@g.us,15# PROMO DE HOJEE üíú,Sim,waha-meli-2
366925359,Bronze,Tem grupo,Grupo,https://chat.whatsapp.com/BDdSmnmJ7wIKgqTDmzGj5T,120363401415656175@g.us,Dicas da Kelly #10,Sim,waha-meli-2
367093050,Bronze,Tem grupo,Grupo,https://chat.whatsapp.com/Ic8IXf0TsGwFIuMN2BdOwS,120363418847946621@g.us,24# Oferta do Momento üñ§‚ú®,Sim,waha-meli-3
379390087,Bronze,Tem grupo,Canal,https://whatsapp.com/channel/0029VavkCRFL2ATyYzkXv43e,120363377058707029@newsletter,Top Descontos üëü ,Sim,waha-meli-2
379432988,Silver,Tem grupo,Grupo,https://chat.whatsapp.com/BU0SMHBm7sZIr9e9tPqAEX,120363047877372085@g.us,üì± OFERTAS VIP #06 - PAULOTEC,Sim,waha-meli-2
380017209,Bronze,Tem grupo,Grupo,https://chat.whatsapp.com/E274nC7YmoS6jevpR5AeSN,120363420553855377@g.us,Promos da Lucy #3,Sim,waha-meli-2
380661803,Bronze,Tem grupo,Grupo,https://chat.whatsapp.com/Cu6KAabDrCfEJjVU3PpzQi,120363321736291712@g.us,Ofertas Esportes e Sa√∫de ,Sim,waha-meli-3
382194202,Silver,Tem grupo,Canal,https://whatsapp.com/channel/0029VaGaBZj5vKACU9lGcr1A,120363188612412425@newsletter,Cupons da Sh√¥ üéüüö®üõí,Sim,waha-meli-2
390160138,Bronze,Tem grupo,Grupo,https://chat.whatsapp.com/BErWZq7RVaWL9CkwYAZxbe,120363355769098850@g.us,Cupons do Dia üõí‚ú®‚ù§Ô∏è#10,Sim,waha-meli-2
391449605,Bronze,Tem grupo,Grupo,https://chat.whatsapp.com/BiimTLyzjS3Le8JvUp5Ytg,120363422008240248@g.us,Garagem OFERTAS #102,Sim,waha-meli-3
400289450,Silver,Tem grupo,Grupo,https://chat.whatsapp.com/Bi0wA5AlFjJGGWxcKIjPEO,120363049907780887@g.us,COMPRA E VENDA FERRAMENTAS EM A√á√ÉO üõ†Ô∏è‚öôÔ∏èüî©,Sim,waha-meli-3
402250878,Silver,Tem grupo,Grupo,https://chat.whatsapp.com/LYwEwTxNk0Q2mZ8W8QNas7,120363421869448999@g.us,#159 @promocoesdemamae,Sim,waha-meli-2
420277922,Bronze,Tem grupo,Grupo,https://chat.whatsapp.com/C5PlHPJ7LNKAU3mwFxrdJO,,,Sim,waha-meli-3
425645979,Bronze,Tem grupo,Grupo,https://chat.whatsapp.com/JlP7r6IOwb1Ee6upWlmecJ,120363406122881991@g.us,PROMO DO DIA #5 ü•≥,Sim,waha-meli-2
431811888,Bronze,Tem grupo,Grupo,https://chat.whatsapp.com/Iae7DhW9oSW3xS9CufOvLW,120363280425365872@g.us,Achadinhos de Casa,Sim,waha-meli-2
432635271,Bronze,Tem grupo,Grupo,https://chat.whatsapp.com/E32f5GKwWTfEVvEkjoOIXN,120363207528869693@g.us,Fast_Ofertas_,Sim,waha-meli-2
435328576,Bronze,Tem grupo,Grupo,https://chat.whatsapp.com/GV01fjdSgP2Lvcvv1HY9Uy,120363418903773919@g.us,Promos do Thalera - Comunidade,Sim,waha-meli-3
440625458,Bronze,Tem grupo,Grupo,https://chat.whatsapp.com/HN7dBPJGJt81HDeLZbIaXS,120363039921142363@g.us,Promos de beleza,Sim,waha-meli-3
440968000,Bronze,Tem grupo,Grupo,https://chat.whatsapp.com/B5L2uPqt3ZJ0oeuKoUsfih,120363028020543672@g.us,DICADAJUH 03‚ú®Promos&Ofert,Sim,waha-meli-3
455002960,Bronze,Tem grupo,Grupo,https://chat.whatsapp.com/FheMXXQwBhdHVknzMYnXQC,120363294759330112@g.us,#06 SonhoDeBeb√™,Sim,waha-meli-3
473569671,Bronze,Tem grupo,Grupo,https://chat.whatsapp.com/FPJod1kG3YS7XVHmYH33P9,120363402142307110@g.us,Loukos por Tech (Cupons e Promo√ß√µes) Grupo 2,Sim,waha-meli-2
477371754,Bronze,Tem grupo,Grupo,https://chat.whatsapp.com/IY6VR10eCp5GvtjVXwv44e,120363404082001193@g.us,OFERTAS DO PORTAL REFRIGERA√á√ÉO,Sim,waha-meli-2
480148356,Bronze,Tem grupo,Grupo,https://chat.whatsapp.com/KisHUes98ZbIdgXxlH456Q,120363404978094532@g.us,"PROMO AGATHA 15 ( promo√ß√£o, cupons , descontos ) üòçüíÖ",Sim,waha-meli-2
480209739,Bronze,Tem grupo,Grupo,https://chat.whatsapp.com/GSqQwRhDAbVEduGJztWziI,120363417334114010@g.us,ACHADO OFICIAL - 1,Sim,waha-meli-3
481509072,Gold,Tem grupo,Grupo,https://chat.whatsapp.com/EFSY5FYjG2A4KI12JLBOvE,120363421797099795@g.us,PROMOS 46 üíñ,Sim,waha-meli-teste
490524922,Bronze,Tem grupo,Grupo,https://chat.whatsapp.com/IUvMrbUEvLIBKkXDeaUYeh,120363421482523513@g.us,04 | Achadinhos de Natal - Camila Euzebio üéÑ‚ù§Ô∏è,Sim,waha-meli-2
490589317,Bronze,Tem grupo,Grupo,https://chat.whatsapp.com/BphOj310T5a9h7yZ3I9a8l,120363401663969369@g.us,Promo√ß√µes - Esportes Deluxe #1,Sim,waha-meli-2
493772551,Bronze,Tem grupo,Grupo,https://chat.whatsapp.com/CotArsQsEiqLW6Wh2HGruC,120363420446502296@g.us,Compras exclusivo MERCADO LIVRE,Sim,waha-meli-3
495016443,Silver,Tem grupo,Grupo,https://chat.whatsapp.com/Ea3W3Ekevt7ACnDawAOZho,120363343805796084@g.us,Ofertas Geek üëæ #1,Sim,waha-meli-3
498902543,Silver,Tem grupo,Canal,https://whatsapp.com/channel/0029VaHhYmRDOQIeDTZBQd07,120363224764225697@newsletter,GPCR Promo - Hardware e Tecnologia,Sim,waha-meli-3
506619983,Silver,Tem grupo,Grupo,https://chat.whatsapp.com/HiIwapLS21k7caggHjPVWT,120363399622926284@g.us,OFERTAS IMPERD√çVEIS #55,Sim,waha-meli-2
508791975,Silver,Tem grupo,Grupo,https://chat.whatsapp.com/I082dejhGUl6Hii1TUdzN2,120363024939673808@g.us,üí•Querido Desconto 108,Sim,waha-meli-3
511670989,Bronze,Tem grupo,Grupo,https://chat.whatsapp.com/LsS6twVjUDGKpJnwu65ddw,120363361123339784@g.us,PROMO√á√ïES DO DIA #01 ‚ú®Ô∏è @produtinhoscomdesconto,Sim,waha-meli-3
521028663,Gold,Tem grupo,Grupo,https://chat.whatsapp.com/HhE3qW08mT06QS5lmibXzI,120363424310518570@g.us,Promotec Games 101,Sim,waha-meli-teste
530861291,Bronze,Tem grupo,Grupo,https://chat.whatsapp.com/EzsDwzVMrKiHt0xXqPPoRJ,120363042852663318@g.us,üõí Promo√ß√µes do Bita - üí∏ #32,Sim,waha-meli-2
536119834,Gold,Tem grupo,Grupo,https://chat.whatsapp.com/DqeOdeZ5wCwKygcIXKdrSX,120363390060362043@g.us,Achou Barato - Perfumes ,Sim,waha-meli-teste
547239300,Silver,Tem grupo,Grupo,https://chat.whatsapp.com/KphcaNo6nUu0n4xNTOksF5,120363301811888768@g.us,üõí Manual de Compra - Ofertas,Sim,waha-meli-3
554844620,Bronze,Tem grupo,Grupo,https://chat.whatsapp.com/CH4pOclqozjCmZ9oh4JQF7,120363419327719461@g.us,Ofertas e Cupons - Promo Nerd #78,Sim,waha-meli-3
564401992,Gold,Tem grupo,Grupo,https://chat.whatsapp.com/HH0e8EHlUnAJQfSXKepjfq,558199606955-1628523361@g.us,PROMOS DA LUH 084,Sim,waha-meli-teste
565785079,Silver,Tem grupo,Grupo,https://chat.whatsapp.com/L6EKJqKahHi2W9LVmaTPkT,120363261800939412@g.us,PROMOS & CUPONS DO DIA #2‚ú® @dicasdalima,Sim,waha-meli-3
600049604,Bronze,Tem grupo,Grupo,https://chat.whatsapp.com/HAx1mnCMyrWIRPk7OUQnyc,,,Sim,waha-meli-2
615723245,Bronze,Tem grupo,Grupo,https://chat.whatsapp.com/DCxjP81VSPYBL6Gxv9H52C,120363056118819719@g.us,Memory Card 8MB - Promo√ß√µes #2,Sim,waha-meli-3
618183409,Silver,Tem grupo,Canal,https://whatsapp.com/channel/0029VatIjGq1dAvz2ILo8y0a,120363355334262560@newsletter,Promo√ß√µes do dia üõçÔ∏è @achadosdaccarol,Sim,waha-meli-3
627245178,Bronze,Tem grupo,Canal,https://whatsapp.com/channel/0029Vax4uLP2phHFzWIyV330,120363350035549035@newsletter,Vale a Pena Comprar? OFERTAS,Sim,waha-meli-3
628036387,Silver,Tem grupo,Canal,https://www.whatsapp.com/channel/0029Vb6VPffBadmUrdp3SE2Y,120363421652731550@newsletter,+BARATO OFERTAS!,Sim,waha-meli-2
646166616,Bronze,Tem grupo,Grupo,https://chat.whatsapp.com/HhXyggyyidNDGTLzW5xY7y,120363402182079878@g.us,PromosLuVilela5,Sim,waha-meli-3
670605565,Bronze,Tem grupo,Canal,https://whatsapp.com/channel/0029Vb79WEl77qVR368jbD3L,120363419962390592@newsletter,Promos e Cupons üõç,Sim,waha-meli-2
676651691,Bronze,Tem grupo,Grupo,https://chat.whatsapp.com/Cw4nUc7u3SxLvXB8A1Tvtp,120363402271700625@g.us,#PROMOS DA TATI #50,Sim,waha-meli-3
678610452,Gold,Tem grupo,Canal,https://www.whatsapp.com/channel/0029Va5DqlO29755qzXrKc0M,120363179601589048@newsletter,SamuelF3lipe - Promo√ß√µes,Sim,waha-meli-teste
678670377,Silver,Tem grupo,Grupo,https://chat.whatsapp.com/I9rvyJqcovV7J1ydULkuTw,120363038402883733@g.us,PROMOS DO DIA 26,Sim,waha-meli-2
690775790,Bronze,Tem grupo,Grupo,https://chat.whatsapp.com/KWVnYo0y3gO5MJCBCHRJAE,120363423352048398@g.us,Indica√ß√µes do Gui #2,Sim,waha-meli-2
725268701,Bronze,Tem grupo,Grupo,https://chat.whatsapp.com/KRcxL6Ipm7KCTRBleclJfZ,120363420800636312@g.us,ùêÇùê¢ùêØùê¢ùêú ùêùùê® ùêíùê®ùêßùê°ùê® üí≠ #7Ô∏è‚É£,Sim,waha-meli-3
734782220,Bronze,Tem grupo,Grupo,https://chat.whatsapp.com/KdVWWODZJbeB7sKCXxPy9J,120363320728838418@g.us,APROMODODIA 14,Sim,waha-meli-2
742314482,Bronze,Tem grupo,Grupo,https://chat.whatsapp.com/JcwNOgs6iLqG4wxdLEaYOr,120363177547709930@g.us,PROMO DA LAILA 5 üõçÔ∏è,Sim,waha-meli-2
742328965,Bronze,Tem grupo,Grupo,https://chat.whatsapp.com/FSOKIotzhXeESsvKFAQCiA,120363419889857402@g.us,PROMO√á√ïES DO DIA ‚ú®üõçÔ∏è #10 - @achadindeluxo,Sim,waha-meli-2
744048622,Gold,Tem grupo,Grupo,https://chat.whatsapp.com/DnVx2V26TXVHWiCV9I4sji,120363327810139963@g.us,Achados da Lisi 19 ü´∞üè∑Ô∏è,Sim,waha-meli-teste
749072374,Silver,Tem grupo,Grupo,https://chat.whatsapp.com/CpOQbshXK0lLP6ddlsbJgw,120363420696037344@g.us,Promo da Medeirosa üéÅ‚ú® #01,Sim,waha-meli-2
768924215,Bronze,Tem grupo,Grupo,https://chat.whatsapp.com/J1D6HRAuIx62u62O3QWn8e,120363313981293549@g.us,‚ú®Ô∏è PROMOS DA TAMI #4,Sim,waha-meli-2
771699768,Bronze,Tem grupo,Canal,https://whatsapp.com/channel/0029VaAHgY4LI8YQvhO98G3l,120363183382131077@newsletter,Promos Catei Ofertas Oficial ,Sim,waha-meli-2
773801672,Silver,Tem grupo,Canal,https://whatsapp.com/channel/0029Vaxxx0XBfxo7CfzsUT2I,120363372606891296@newsletter,Sobre Som - Promo√ß√µes üîä,Sim,waha-meli-2
776246463,Silver,Tem grupo,Canal,https://www.whatsapp.com/channel/0029VbBSQ8WHrDZm7ZhtUT1m,120363402891128372@newsletter,Ofertas Benevides,Sim,waha-meli-2
786771892,Bronze,Tem grupo,Grupo,https://chat.whatsapp.com/Ek6Lir27lbnC4aOTYdiY4r,120363418385147395@g.us,Achadinhos Garantido 79,Sim,waha-meli-2
796286749,Bronze,Tem grupo,Grupo,https://chat.whatsapp.com/EXd6dfZbz9YAT9ZF6kWk5b,120363304919833427@g.us,PROMO 101 üßúüèº‚Äç‚ôÄÔ∏èüõçÔ∏èüíò,Sim,waha-meli-3
807123036,Bronze,Tem grupo,Grupo,https://chat.whatsapp.com/BJK04Bp8B0TBWJDs73DNxc,120363115454849947@g.us,Low Cost - Promo√ß√µes,Sim,waha-meli-3
1000721580,Silver,Tem grupo,Grupo,https://chat.whatsapp.com/Evbu0eA6aGDGIustairn0X,120363420738577119@g.us,6 @promodegrife BELEZA,Sim,waha-meli-2
1047715590,Bronze,Tem grupo,Grupo,https://chat.whatsapp.com/CWOmCNqjZj3AbaVPPsC1km,120363331215298310@g.us,ALPHA FIT PROMO√á√ïES üí∞üö¥‚Äç‚ôÇÔ∏è,Sim,waha-meli-3
1062207010,Silver,Tem grupo,Grupo,https://chat.whatsapp.com/BTfgRf1oQr39pdyZLGBhCc,120363316541327198@g.us,@promocoesdarai üõçÔ∏è (21),Sim,waha-meli-3
1080474231,Gold,Tem grupo,Grupo,https://chat.whatsapp.com/HSyxrod1HQt2rcUwtMZbxb,120363404244872494@g.us,GC4 CUPONS E PROMO√á√ïES 123FERNANDO,Sim,waha-meli-teste
1082097965,Gold,Tem grupo,Canal,https://whatsapp.com/channel/0029VanlafvATRSxQUKf8L3d,120363310844085377@newsletter,PROMOBYTE OFERTAS,Sim,waha-meli-teste
1089018457,Silver,Tem grupo,Grupo,https://chat.whatsapp.com/JkZ3gnR9eZzFJlyHOQu1O4,120363044369902757@g.us,Grupo de Achadinhos #131,Sim,waha-meli-2
1096037132,Bronze,Tem grupo,Canal,https://whatsapp.com/channel/0029VaBz6ek8qIzl1qLfl23q,120363188689671895@newsletter,PROMOS PARA N√ìS üõç,Sim,waha-meli-2
1112956306,Bronze,Tem grupo,Grupo,https://chat.whatsapp.com/Jt0Z3Vwq4E2Hb4TuZAhSos,120363304485813696@g.us,Se Liga Nessa Promo 32,Sim,waha-meli-2
1116916668,Silver,Tem grupo,Canal,https://whatsapp.com/channel/0029Va9QhzZFnSz39ml67g3Y,120363160581362473@newsletter,COMPARTILHANDO PROMOO,Sim,waha-meli-2
1128477483,Bronze,Tem grupo,Canal,https://whatsapp.com/channel/0029VaAWMTOLo4hfUT0CXV2t,120363164303934728@newsletter,A Casa do Atleta üëâPromo√ß√µes e Lan√ßamentos.,Sim,waha-meli-2
1161200505,Silver,Tem grupo,Grupo,https://chat.whatsapp.com/DAVIG7o9Jx3Hnz9ti8Napi,120363420070231079@g.us,Master Tech Jr - Promoc√µes e Cupons¬†#03,Sim,waha-meli-3
1173888746,Silver,Tem grupo,Grupo,https://chat.whatsapp.com/KWqUZWZVI6WENZyd4UPWvi,120363021137916596@g.us,Malucas da promo 3,Sim,waha-meli-2
1185718745,Gold,Tem grupo,Canal,https://www.whatsapp.com/channel/0029VaklNp8K5cDK9b5V5L0l,120363301878611734@newsletter,OFERTAS GAMER,Sim,waha-meli-teste
1207675246,Gold,Tem grupo,Grupo,https://chat.whatsapp.com/G8ZN3Di4uqsGZ9MH9yBa5t,120363042432057485@g.us,OFERTAS Rodrigo Moreira #12,Sim,waha-meli-teste
1231082308,Silver,Tem grupo,Canal,https://www.whatsapp.com/channel/0029VaBFWAo5a245bVrBvJ0m,120363186866695676@newsletter,Oficina da Net | Ofertas celulares üì±,Sim,waha-meli-2
1231576803,Gold,Tem grupo,Grupo,https://chat.whatsapp.com/JWySm0bg2QjDJwYKymBRAr,120363047091423005@g.us,Inova Leo Ofertas Geral 1,Sim,waha-meli-teste
1249172900,Gold,Tem grupo,Grupo,https://chat.whatsapp.com/Dq1JEvVMkAmJywEcvLbjB8,,,Sim,waha-meli-teste
1251879558,Silver,Tem grupo,Grupo,https://chat.whatsapp.com/Cqcrs11780OEgAmzrlk047,554188153337-1585606559@g.us,üíªQual NOTEBOOK comprar?65,Sim,waha-meli-2
1258550467,Gold,Tem grupo,Grupo,https://chat.whatsapp.com/HDvgI3GoLHn9nyooZ3G06P,120363303289165679@g.us,üèÅ@promodehomem 11 - Promo√ß√µes e Cupons,Sim,waha-meli-teste
1273009574,Silver,Tem grupo,Grupo,https://chat.whatsapp.com/HYjMyYYJyeC8E7rMniNcvs,120363405485257923@g.us,#15 Descontos Enxoval de beb√™,Sim,waha-meli-3
1288325538,Bronze,Tem grupo,Grupo,https://chat.whatsapp.com/Eib85HSLiQFIKJEM5jruy1,120363422741733226@g.us,Ofertas do CanalJMS üì±,Sim,waha-meli-2
1293477138,Bronze,Tem grupo,Canal,https://www.whatsapp.com/channel/0029VaF9WZHC1Fu2jvMI9I1N,120363183291006541@newsletter,Lado Tech | Ofertas e Cupons,Sim,waha-meli-3
1297399555,Bronze,Tem grupo,Canal,https://www.whatsapp.com/channel/0029Vakbd7m3rZZiNBpvhU0y,120363336938829091@newsletter,Shark das Promo√ß√µes,Sim,waha-meli-3
1299080285,Gold,Tem grupo,Grupo,https://chat.whatsapp.com/EAzD8X1Ez6Y7yJdfPyCXu2,553499359585-1627905810@g.us,#113 üõç ACHADINHOS üõçüíó‚ú®üò±,Sim,waha-meli-teste
1316590351,Bronze,Tem grupo,Grupo,https://chat.whatsapp.com/JCpyiIT3I1X2iswfm9ZFyb,120363422618154584@g.us,Be!Tech Ofertas #9,Sim,waha-meli-3
1334764746,Silver,Tem grupo,Grupo,https://chat.whatsapp.com/EuscaPvDB4t2rTAC1gSG05,120363029872619497@g.us,"Ei, √© √ötil! üõí OFERTAS E CUPONS",Sim,waha-meli-3
1340298923,Bronze,Tem grupo,Grupo,https://chat.whatsapp.com/FVxKp109hOCB4pRDUSFy3p,120363420522692287@g.us,As Ofertas Maternas #36,Sim,waha-meli-2
1342859483,Gold,Tem grupo,Grupo,https://chat.whatsapp.com/CgN6YWm8tUT0OaMzhgt0sd,120363040456726995@g.us,Melhores Ofertas VRL00072,Sim,waha-meli-teste
1342941619,Silver,Tem grupo,Grupo,https://chat.whatsapp.com/KIZ5vhQNWeg3dVsVBngmng,120363424701087362@g.us,TechPromos #29,Sim,waha-meli-3
1343085375,Silver,Tem grupo,Grupo,https://chat.whatsapp.com/Knoiv0pa9PpIGsAbT24Spd,120363313553634354@g.us,#10 Felp Recomenda - Ofertas,Sim,waha-meli-2
1359646788,Bronze,Tem grupo,Grupo,https://chat.whatsapp.com/G0W3ZnnNIwjBHq78vXVQyc,120363046369118050@g.us,üáßüá∑MarcusTech-(FECHADO) 6üá®üá≥,Sim,waha-meli-3
1365511504,Silver,Tem grupo,Grupo,https://chat.whatsapp.com/KwIJ8LVggCD7DdHGqNrfuB,120363405452328711@g.us,#8üî• GEEK PROMO - Cupons & Promo√ß√µes,Sim,waha-meli-2
1365706499,Gold,Tem grupo,Grupo,https://chat.whatsapp.com/B5QtjdUc0OLALZJbLvTrHf,120363421764258516@g.us,7 - CUPONS DE DESCONTO DO PEPE,Sim,waha-meli-teste
1365959356,Silver,Tem grupo,Canal,https://whatsapp.com/channel/0029Va7AuWY90x33kNMOMV13,120363186605603037@newsletter,Ofertas Adrenaline,Sim,waha-meli-3
1366779655,Gold,Tem grupo,Grupo,https://chat.whatsapp.com/EYLJXJyu2xw0qo0q3RsPro,120363322824281630@g.us,MundoReview | Ofertas ‚úÖ,Sim,waha-meli-teste
1369622787,Silver,Tem grupo,Grupo,https://chat.whatsapp.com/IDhYoLEzlw1Bs9NocQQB4u,120363315890635206@g.us,"UduLuiz VII - Cupons e ofertas: Shopee, Shein, Aliexpress, Mercado Livre ",Sim,waha-meli-2
1375138586,Gold,Tem grupo,Canal,https://www.whatsapp.com/channel/0029VaDc0VKATRSg2k5sOb0u,120363176619658717@newsletter,ECONOMIZANDO COM JP,Sim,waha-meli-teste
1383038146,Silver,Tem grupo,Grupo,https://chat.whatsapp.com/J9ozsjtI50PA2xOOV8aySm,120363048028905720@g.us,Um Tico de Tudo - Promos ,Sim,waha-meli-3
1387667693,Gold,Tem grupo,Canal,https://www.whatsapp.com/channel/0029Va9PbS9Id7nVKzupxn15,120363161567022534@newsletter,Desconto em Games,Sim,waha-meli-teste
1389194151,Silver,Tem grupo,Grupo,https://chat.whatsapp.com/JopUAdXCDZ25IVmTFsLDE2,120363044132892884@g.us,IURI INDICA - OFERTAS #46,Sim,waha-meli-2
1389303807,Bronze,Tem grupo,Grupo,https://chat.whatsapp.com/Dwb8e9Af6ZU3kuWaRP5SrT,120363137546599792@g.us,üî•Promos do Hadesüî• [1],Sim,waha-meli-3
1390984189,Bronze,Tem grupo,Grupo,https://chat.whatsapp.com/KIrm8j8G0MwJxgkPMsEFrI,120363420594692909@g.us,RECEBIDINHO #11 ‚ú®,Sim,waha-meli-3
1416008866,Silver,Tem grupo,Grupo,https://chat.whatsapp.com/LVE5Ru6djpDKhE3Joze0V0,120363423627585388@g.us,Consumer Games #08,Sim,waha-meli-3
1422846329,Gold,Tem grupo,Grupo,https://chat.whatsapp.com/H3s7oBIcYPp7SfbKDQR2aF,120363232121681908@g.us,NintendoBarato.com.br #3,Sim,waha-meli-teste
1423860627,Bronze,Tem grupo,Grupo,https://chat.whatsapp.com/GQBBwp7UV93AmBF4sLqMak,120363285166592572@g.us,PROMOS TE QUERO #14,Sim,waha-meli-3
1426420422,Bronze,Tem grupo,Grupo,https://chat.whatsapp.com/BB1mrpzPqTXAVpmQRDrfKz,120363026957550925@g.us,Ela Compra  05 üõí‚ú®,Sim,waha-meli-3
1426514854,Silver,Tem grupo,Grupo,https://chat.whatsapp.com/Cg051VJz3YG5EvTcb28m7Q,120363041162112130@g.us,RSSV Ofertas Seguras #12,Sim,waha-meli-2
1426600144,Silver,Tem grupo,Canal,https://www.whatsapp.com/channel/0029Va8GkBr5fM5iaPVX0c28,120363192315504921@newsletter,Pedro Indica - Ofertas ,Sim,waha-meli-2
1426808500,Gold,Tem grupo,Grupo,https://chat.whatsapp.com/BqxOehq0Zyq7Uex2mcVddl,120363421449464286@g.us,#13 PROMO√á√ïES IMPERD√çVEIS,Sim,waha-meli-teste
1427265851,Bronze,Tem grupo,Grupo,https://chat.whatsapp.com/DLWCVtnreBe0eQfBh9ByCI,120363197156151203@g.us,C - AMIGAS DAS PROMOS üõçÔ∏èüè∑Ô∏èüõí,Sim,waha-meli-2
1427325193,Gold,Tem grupo,Grupo,https://chat.whatsapp.com/LoaUnRZiUaZL4IThycte9e,120363028184351427@g.us,t√°Baratasso ‚úÖ 032,Sim,waha-meli-teste
1427776750,Silver,Tem grupo,Grupo,https://chat.whatsapp.com/JwstmPW0omb8cd04ug87k7,120363405770182271@g.us,L√©o Moreira - Ofertas #2,Sim,waha-meli-3
1428348382,Silver,Tem grupo,Grupo,https://chat.whatsapp.com/EasI67796IOJacO78C2oJu,120363422571579860@g.us,NOVO GRUPO CUPONS ML,Sim,waha-meli-3
1428402957,Silver,Tem grupo,Grupo,https://chat.whatsapp.com/Lg9XfDrnxqUG3DSIBvPfl6,120363404934008422@g.us,#121üõçüí∞Achadinhosdepromoüíõ,Sim,waha-meli-2
1429209372,Bronze,Tem grupo,Grupo,https://chat.whatsapp.com/FsFLmi0QLm07vTLUVBrX2r,120363404203206194@g.us,OLIVER OFERTAS (Perfumes) 08,Sim,waha-meli-3
1432792519,Bronze,Tem grupo,Grupo,https://chat.whatsapp.com/IT4pra5wk4z6ftS4tULbzk,120363026038066182@g.us,@dosedepromo 5,Sim,waha-meli-2
1433483327,Silver,Tem grupo,Grupo,https://chat.whatsapp.com/BENOwCW6xby8ngeXDJfzeO,120363423108890268@g.us,PROMOS DE NAT 20 ‚ú®,Sim,waha-meli-3
1435379477,Bronze,Tem grupo,Grupo,https://chat.whatsapp.com/JQSL0XFL7VRJ9geng5nyct,120363404295850704@g.us,Promos Tech Grupo #2 üî•‚úÖ,Sim,waha-meli-3
1436446356,Bronze,Tem grupo,Grupo,https://chat.whatsapp.com/H6Ifwzn9NNA7GYBGdgD1lt,120363403112910209@g.us,Ofertas do Albergoni #014,Sim,waha-meli-3
1436537652,Silver,Tem grupo,Grupo,https://chat.whatsapp.com/Izpv12v0sOXAzwxZAHVzG0,120363422481727465@g.us,011 Clube Baby 60,Sim,waha-meli-2
1437132261,Bronze,Tem grupo,Grupo,https://chat.whatsapp.com/CAdygRaiBqZ4KejvDQQBFo,120363294359943284@g.us,ROTINA DE PROMOS 8,Sim,waha-meli-3
1437278515,Bronze,Tem grupo,Grupo,https://chat.whatsapp.com/EfHt0qD9wzr1JoRGBJaHH8,120363358719998075@g.us,‚öúÔ∏è Caixa Alta Promobugs üí∂,Sim,waha-meli-2
1439548649,Silver,Tem grupo,Grupo,https://chat.whatsapp.com/J2sN803vT9cCnfPNtWYmhM,5516991076656-1507597082@g.us,üéÄPROMOLOJASüéÄ,Sim,waha-meli-3
1439663675,Gold,Tem grupo,Grupo,https://chat.whatsapp.com/LK7bUtYZYmWCkWhgVlYVR0,120363165408095252@g.us,A PROMO IMPERD√çVEL  #13,Sim,waha-meli-teste
1442794904,Silver,Tem grupo,Grupo,https://chat.whatsapp.com/Bn339Zb9Tm1IqHecAnYIFs,120363417382030212@g.us,Doguinho Promo√ß√µes üê∂ #6,Sim,waha-meli-3
1444457359,Bronze,Tem grupo,Grupo,https://chat.whatsapp.com/KM9LMqZxICe7zxinx37BUu,5521976234600-1593482687@g.us,Achados da Nessa ‚ú®,Sim,waha-meli-3
1444756345,Bronze,Tem grupo,Canal,https://www.whatsapp.com/channel/0029VaYjTxX2v1J1qgMkml3H,120363288868236180@newsletter,Beleza de Ofertas üõí,Sim,waha-meli-2
1447393059,Silver,Tem grupo,Grupo,https://chat.whatsapp.com/BgG8vfFpH374vIsjAtPDsc,120363048156000295@g.us,A Rainha das Promo√ß√µes 53,Sim,waha-meli-2
1450808630,Gold,Tem grupo,Canal,https://whatsapp.com/channel/0029Vb6utoYFXUuZXnzl5619,120363403279379750@newsletter,Lob√£o das Promo√ß√µes ,Sim,waha-meli-teste
1451916544,Gold,Tem grupo,Canal,https://whatsapp.com/channel/0029Vb7cwBYLNSa8BkcOAE10,120363407062944230@newsletter,üî• TO SEM KIT - Promo√ß√µes üôå,Sim,waha-meli-teste
1452193631,Bronze,Tem grupo,Grupo,https://chat.whatsapp.com/FdWvHZ76Wqo0mxI3onSoAq,120363161417643763@g.us,#80 Promo√ß√µesDoFazolliüõçÔ∏è,Sim,waha-meli-2
1453452471,Gold,Tem grupo,Canal,https://whatsapp.com/channel/0029Va9QFJGICVfkJA730514,120363179054749603@newsletter,Ofertas Nintendo BRüáßüá∑,Sim,waha-meli-teste
1457441247,Silver,Tem grupo,Grupo,https://chat.whatsapp.com/GL97e4X83ZI9qoD6IzBkbL,556799698465-1599455460@g.us,PROMO√á√ïES & DESCONTOS 68,Sim,waha-meli-3
1461003474,Bronze,Tem grupo,Grupo,https://chat.whatsapp.com/IcMUpxRbcpRGI6JeDbu9ei,553171651667-1622001532@g.us,PROMOLOUCAS üõç‚ú®(3),Sim,waha-meli-3
1461645780,Bronze,Tem grupo,Grupo,https://chat.whatsapp.com/GeCRMWSBq3qH7Wy8KvVoJv,,,Sim,waha-meli-2
1463706675,Silver,Tem grupo,Canal,https://www.whatsapp.com/channel/0029Va9NjO52P59bAfHEi841,120363185170986955@newsletter,EconoMister Ofertas,Sim,waha-meli-3
1477441758,Silver,Tem grupo,Canal,https://www.whatsapp.com/channel/0029Va5wZX15vKA1epDgf31a,120363164926365120@newsletter,Meu Game Com Desconto - MeuPlayStation,Sim,waha-meli-3
1480696279,Gold,Tem grupo,Grupo,https://chat.whatsapp.com/LAb96zGT1goK1cZPeFgJHT,120363405365726556@g.us,MAO DE VACA 83,Sim,waha-meli-teste
1485217446,Silver,Tem grupo,Grupo,https://chat.whatsapp.com/8cao38VPYLDBKLMqOPjoA0,5521972675859-1533073494@g.us,PromoON 00,Sim,waha-meli-3
1485911737,Bronze,Tem grupo,Canal,https://www.whatsapp.com/channel/0029Va9vpA9HltY7wNYAAT26,120363163026565094@newsletter,üî• Promo√ß√µes do Tec | S√≥ Quem Entra V√™,Sim,waha-meli-3
1486080662,Bronze,Tem grupo,Grupo,https://chat.whatsapp.com/HVlxykyHau8CCctAnAtQ60,120363421841081511@g.us,PROMO LADIES 2,Sim,waha-meli-3
1493086612,Silver,Tem grupo,Grupo,https://chat.whatsapp.com/L1vycHtOuM2JLwsdH6qgKX,5511975835333-1626119843@g.us,Promo e Afins 8 üíú,Sim,waha-meli-3
1528968155,Bronze,Tem grupo,Grupo,https://chat.whatsapp.com/Hs21HsUxxNKKksUem3SUzo,120363286189834327@g.us,ACHADOS DA MALU #23,Sim,waha-meli-3
1531640488,Silver,Tem grupo,Grupo,https://chat.whatsapp.com/L8KIweGu5u7KTq2Yd1CP6O,120363422655386925@g.us,#21 Promobabykids,Sim,waha-meli-2
1550052320,Silver,Tem grupo,Grupo,https://chat.whatsapp.com/CRUCLnt5HAy7lWpQjzxUzH,120363201727659718@g.us,avisaDesconto | 001,Sim,waha-meli-3
1565324511,Silver,Tem grupo,Grupo,https://chat.whatsapp.com/FXlIvN8c9IC9c8mjzYajbc,120363041417231223@g.us,Promo√ß√µes 11 üõçüíñ,Sim,waha-meli-3
1577887940,Silver,Tem grupo,Grupo,https://chat.whatsapp.com/GHdEPxuQlfL1maMuQNTHIX,120363404716527664@g.us, A PROMO MEN üî• #39,Sim,waha-meli-3
1588265237,Bronze,Tem grupo,Grupo,https://chat.whatsapp.com/LYEMzs28deCDS8alcefD3X,120363182048493425@g.us,Promo Atleta  #1,Sim,waha-meli-2
1629748942,Silver,Tem grupo,Grupo,https://chat.whatsapp.com/LnFhir7J5Wf3Qt7TktN6mE,120363406003703704@g.us,ACHADOS DA MAG #23üî•üõçÔ∏è,Sim,waha-meli-3
1639459856,Bronze,Tem grupo,Grupo,https://chat.whatsapp.com/IjHp4Xcwz1WBaBduXFvLbe,120363424178779521@g.us,Unboxing Na Lata - Black Friday,Sim,waha-meli-3
1661960926,Bronze,Tem grupo,Grupo,https://chat.whatsapp.com/E4Kf4pq6GsT9mVJTLJBIdO,120363424000272262@g.us,Ez Promo√ß√µes #9,Sim,waha-meli-3
1665449142,Bronze,Tem grupo,Grupo,https://chat.whatsapp.com/EEiuubOHou3FiTT9WJaZt3,120363422581214841@g.us,CUPONS E PROMO√á√ïES- OFICINA GARAGEM üí∏,Sim,waha-meli-3
1692585264,Silver,Tem grupo,Grupo,https://chat.whatsapp.com/K0E77yI0eJF9s5ESp4laL9,120363419933978938@g.us,Sid√£o Do Game üéÆ #1,Sim,waha-meli-3
1711897713,Silver,Tem grupo,Grupo,https://chat.whatsapp.com/K4ryLu97TmzLSvVbpopbTG,120363402150960998@g.us,Promo de Grazi üíó #25,Sim,waha-meli-2
1712874783,Silver,Tem grupo,Grupo,https://chat.whatsapp.com/LIQYisA24wJ0zw1ZYSoa5t,120363423971278517@g.us,Ofertas do Nerd do Tempo #4,Sim,waha-meli-3
1738465308,Silver,Tem grupo,Grupo,https://chat.whatsapp.com/HbFwDMJx0AVC31FJN6XwE1,120363119174045611@g.us,‚ö°Ô∏è PROMODALUH | #1 üõçÔ∏èüõí,Sim,waha-meli-3
1763078011,Bronze,Tem grupo,Canal,https://whatsapp.com/channel/0029Vaa8YsH1t90Z0iZKB33u,120363279377332711@newsletter,Promo De Livro üìö Ofertas e Cupons,Sim,waha-meli-3
1768622098,Gold,Tem grupo,Grupo,https://chat.whatsapp.com/BS0HZuhXh6P7kRoI1gEqER,120363407226581518@g.us,Espionando Fitness #49,Sim,waha-meli-teste
1776938790,Bronze,Tem grupo,Grupo,https://chat.whatsapp.com/GPmBCLglPFY5S6EUvXMUsE,120363405713866845@g.us,Dicas de ofertas 70,Sim,waha-meli-3
1787797281,Gold,Tem grupo,Grupo,https://chat.whatsapp.com/EdhCcrHP1qU2zLOv2Sv4jP,120363415723651662@g.us,Cupons de Pobre üéüÔ∏è,Sim,waha-meli-teste
1815084683,Gold,Tem grupo,Grupo,https://chat.whatsapp.com/IUHQ3hfZaHXKyEOjcUSEhr,120363327812391365@g.us,PROMO DELAS | 32 üõçÔ∏è,Sim,waha-meli-teste
1833043019,Silver,Tem grupo,Grupo,https://chat.whatsapp.com/LyXmhuBHKDN9NZVi9SJpJ8,120363237672637679@g.us,Achadinhos da Bia 48,Sim,waha-meli-3
1850405221,Bronze,Tem grupo,Grupo,https://chat.whatsapp.com/GYHxYX0OiWLBGUVhXp4dOI,120363420778988065@g.us,OFERTAS DO Gui ! #8,Sim,waha-meli-3
1856859073,Bronze,Tem grupo,Canal,https://www.whatsapp.com/channel/0029VavQ9i68aKvEJa01Si0s,120363343648521112@newsletter,MAXHOBBY OFERTAS | DRONES | RC | ELETR√îNICOS,Sim,waha-meli-3
1864837598,Bronze,Tem grupo,Grupo,https://chat.whatsapp.com/GtHgprWN4LyHsyz3fNM2lh,120363420491197028@g.us,Canal da Luiza #3,Sim,waha-meli-2
1875530332,Bronze,Tem grupo,Grupo,https://chat.whatsapp.com/FTsTDhuG2dw07UlqtSwy4H,120363406603112373@g.us,LINKS & CUPONS #2,Sim,waha-meli-2
1885573171,Silver,Tem grupo,Grupo,https://chat.whatsapp.com/B7B7IOWYF3zJrnOcCsT0lE,120363401602908578@g.us,Grupo de Ofertas - Talk PC #12,Sim,waha-meli-2
1890797680,Gold,Tem grupo,Canal,https://www.whatsapp.com/channel/0029VaEigmzIN9iuUTdlum27,120363198398150660@newsletter,T√™nis Certo Cupons e Promo√ß√µes,Sim,waha-meli-teste
1909872740,Bronze,Tem grupo,Grupo,https://chat.whatsapp.com/JMXb0p4jSL4ISVSQXlP9Yj,120363418830497132@g.us,Musas da promo #20,Sim,waha-meli-3
1946020572,Bronze,Tem grupo,Grupo,https://chat.whatsapp.com/LjxdpPAT9K378B0TTJSCEG,120363030786705149@g.us,Mina da Promo√ß√£o #1,Sim,waha-meli-3
1947955373,Silver,Tem grupo,Grupo,https://chat.whatsapp.com/Hxfay43oaJJ45xfc7phl30,120363324025660689@g.us,Guerra Deals Fit [01] ü•á,Sim,waha-meli-3
1954038151,Bronze,Tem grupo,Grupo,https://chat.whatsapp.com/JPppTZPZHUyLM5kkp6YVUA,120363280279306514@g.us,üî•Sr promo√ß√µes,Sim,waha-meli-2
2002635933,Silver,Tem grupo,Grupo,https://chat.whatsapp.com/GzGvOekOI1nLFI1oqhUrKI,120363406342351434@g.us,#D1 Compare Baby - Promos,Sim,waha-meli-3
2018031282,Silver,Tem grupo,Grupo,https://chat.whatsapp.com/HOvyBiFTiGHLVpyKYV3QQO,120363406155281167@g.us,Descontinho de Mam√£e | 82 üçº,Sim,waha-meli-3
2018286552,Bronze,Tem grupo,Grupo,https://chat.whatsapp.com/B7oYpsK9ysED1orpEmEEKM,120363422770410114@g.us,ROSLEON - Ofertas 14,Sim,waha-meli-2
2046114897,Silver,Tem grupo,Canal,https://whatsapp.com/channel/0029VaH1sTrC6Zvonv3LRT0d,120363205520499616@newsletter,Promosday - Promo√ß√µes,Sim,waha-meli-3
2057503925,Gold,Tem grupo,Grupo,https://chat.whatsapp.com/GfQptqIzC4SJCywtHvqtKw,120363406277834019@g.us,200# Ofertas da Casa Moderna,Sim,waha-meli-teste
2066492086,Bronze,Tem grupo,Grupo,https://chat.whatsapp.com/CHDLYYRxesw6o8gWMowQHj,120363390190361779@g.us,Achadinho da Loe #16,Sim,waha-meli-3
2159634895,Bronze,Tem grupo,Grupo,https://chat.whatsapp.com/FC8clNGNPFC1IJ6TXVYebL,120363420295739084@g.us,Estilo Masculino | Ofertas & Achados,Sim,waha-meli-3
2191021575,Bronze,Tem grupo,Grupo,https://chat.whatsapp.com/KJvkLUUQ2HvCUcNML1lZ8G,120363425302778855@g.us,Grupo De Promo Enxoval #42,Sim,waha-meli-2
2205602295,Bronze,Tem grupo,Grupo,https://chat.whatsapp.com/E8SVTxjDOHd9xkfiSH7en8,120363419118480448@g.us,#6 Mimos e Ofertas Baby,Sim,waha-meli-3
2221972417,Silver,Tem grupo,Grupo,https://chat.whatsapp.com/DekiE4B0VQZLA1xe720OI3,120363423937542871@g.us,VERSATIL PERFUMES #25,Sim,waha-meli-2
2284013461,Bronze,Tem grupo,Canal,https://www.whatsapp.com/channel/0029VamzgNhGJP8Dd5kG1d2U,120363346295511981@newsletter,Oferta na Sho üéüÔ∏è,Sim,waha-meli-2
2296094924,Silver,Tem grupo,Grupo,https://chat.whatsapp.com/EMCm5qR8XJCJlhpteajRUf,120363406537322090@g.us,Promos Clube do Homem | 59,Sim,waha-meli-3
2342750641,Bronze,Tem grupo,Grupo,https://chat.whatsapp.com/JLCk1S4Wjm37G29BHwfNbu,120363199843919087@g.us,V√°rias Promos 77 ‚ú®,Sim,waha-meli-3
2359144247,Bronze,Tem grupo,Canal,https://whatsapp.com/channel/0029VaCY2pE9mrGgKBr1Ba37,120363192153036190@newsletter,Mi&Promo! ‚ù§Ô∏è‚Äçüî•üõçÔ∏è‚ú®,Sim,waha-meli-3
2378704472,Bronze,Tem grupo,Grupo,https://chat.whatsapp.com/FuNEn2SXIOc0LEFaNoaxNP,120363423736707017@g.us,üü° OFERTAS - Resenha do Heitor,Sim,waha-meli-3
2393086063,Gold,Tem grupo,Grupo,https://chat.whatsapp.com/Ey0PyDtzhYC71HAguVRdEq,120363399516513048@g.us,Economia Beauty #14,Sim,waha-meli-teste
2417930507,Bronze,Tem grupo,Grupo,https://chat.whatsapp.com/GuUXqglkSDP4B3FMUCdG7A,120363404490988467@g.us,Grupo #1 - Ofertas Bate-papo Automotivo,Sim,waha-meli-2
2418855877,Silver,Tem grupo,Grupo,https://chat.whatsapp.com/Fm2AoR51NBt0vqP7jWjGkV,120363026803060404@g.us,ALERTA DE CUPONS 50 lll,Sim,waha-meli-3
2434968281,Bronze,Tem grupo,Grupo,https://chat.whatsapp.com/CtY9K8iRnsxBMBlgkRmsZr,120363406389855345@g.us,Coruja Ofertas ü¶â [23],Sim,waha-meli-3
2472950551,Silver,Tem grupo,Grupo,https://chat.whatsapp.com/EhPdIrMJWgyKhwKLN6dqhg,120363404112441252@g.us,üîî Grupo Oficial do Canal MARCENARIA PARA TODOS - CUPONS E PROMO√á√ïES PONTUAIS.,Sim,waha-meli-3
2487802727,Silver,Tem grupo,Grupo,https://chat.whatsapp.com/Lam45hlUcRv1L7ASr9YGQh,120363419687830891@g.us,MegaPromo√ß√µes - Tech #8,Sim,waha-meli-3
2514893588,Gold,Tem grupo,Grupo,https://chat.whatsapp.com/ENZyzx8XW4fFjRvvBcaLxA,120363402740530458@g.us,PromoHub - Baby #189 üë∂üèª,Sim,waha-meli-teste
2534577851,Silver,Tem grupo,Grupo,https://chat.whatsapp.com/I2L0dBamOZFFwbhjc1G2Ce,120363402561424123@g.us,PROMOS CASA DICASGIO 8 üè†ü´ñü´ô,Sim,waha-meli-3
2577473496,Bronze,Tem grupo,Grupo,https://chat.whatsapp.com/DD9SxYdPU9j5jMhigzNA9j,120363427146742265@g.us,Afiliados - F√°brica de Vendedores üöÄ,Sim,waha-meli-3
2595529889,Gold,Tem grupo,Grupo,https://chat.whatsapp.com/JTIjC3SyVjDGW1WynEVlKa,120363400183929285@g.us,Ofertas e Promo√ß√µes - Escolha Certa #5,Sim,waha-meli-teste
2644774232,Gold,Tem grupo,Grupo,https://chat.whatsapp.com/Ha3nYpCOVd95IyxsSift1a,120363418883747725@g.us,#12 Achados de T√™nis,Sim,waha-meli-teste
2650443175,Gold,Tem grupo,Grupo,https://chat.whatsapp.com/DnSbf2Wl38j49jVjXPElGw,120363292884896284@g.us,MAGO DAS PROMOS üßô‚Äç‚ôÇÔ∏è #01,Sim,waha-meli-teste
2651081363,Silver,Tem grupo,Grupo,https://chat.whatsapp.com/JA70JzSvVvv5J1OlX8P61S,120363420855768099@g.us,#07 MAENO PROMO√á√ïES,Sim,waha-meli-3
2669248973,Gold,Tem grupo,Grupo,https://chat.whatsapp.com/IyVPibpXIDVKJZKRdVzXbW,120363424654471093@g.us,‚ú®PROMOS DAS CHEIROSAS ‚ú® By Annalu üíï #75,Sim,waha-meli-teste
2671243577,Silver,Tem grupo,Grupo,https://chat.whatsapp.com/G5FCYE83btJ91MqwcV3ni2,120363421704890594@g.us,S√ì PERFUMES ORIGINAIS | 41,Sim,waha-meli-3
2683269260,Gold,Tem grupo,Grupo,https://chat.whatsapp.com/Iv120b4mhWRLGVdAgqiLrH,120363423507888423@g.us,Grupo Oficial de Ofertas #216 üõçÔ∏è,Sim,waha-meli-teste
2697350057,Silver,Tem grupo,Grupo,https://chat.whatsapp.com/Ekvo0DCDTNz5ZWf6SCxvnD,120363424034906889@g.us,T√™nisLinks 103üîó,Sim,waha-meli-2
2716163380,Silver,Tem grupo,Grupo,https://chat.whatsapp.com/IISYrvFmFYYD0fABnhCUlr,120363420690760371@g.us,NP promos 87,Sim,waha-meli-3
2901295274,Silver,Tem grupo,Grupo,https://chat.whatsapp.com/GguJ0QtVOgJJPZ33g25Jf8,120363420239795170@g.us,ACHADOS DA RAINA #12,Sim,waha-meli-3
2907265272,Bronze,Tem grupo,Grupo,https://chat.whatsapp.com/GLLMaVmvLLNAvOJgOxN2Oo,120363403738288700@g.us,#10 Garimpando com a Day üõçÔ∏è,Sim,waha-meli-3
2908237301,Silver,Tem grupo,Grupo,https://chat.whatsapp.com/JCQYYZxE3zT4WmG6jFWEdQ,5512988520591-1489189007@g.us,PROMO PARA TENISTAS | 33,Sim,waha-meli-2
1231600621,B2B,Tem grupo,Canal,https://whatsapp.com/channel/0029Va9je3HCsU9LtD1o6Y1R,120363181057510667@newsletter,Achados do Tecnoblog | Ofertas de tecnologia,Sim,waha-meli-teste
275692518,B2B,Tem grupo,Canal,https://www.whatsapp.com/channel/0029VajMO5Y4Crfd9sUv321p,120363297880449385@newsletter,TecMundo Guia de Compras,Sim,waha-meli-teste
1352030962,B2B,Tem grupo,Canal,https://www.whatsapp.com/channel/0029Va8w71Y9xVJhPriudt0q,120363194378500802@newsletter,Canaltech Ofertas,Sim,waha-meli-teste
2952669306,B2B,Tem grupo,Canal,https://www.whatsapp.com/channel/0029Va9uMqc8kyyGgzaKR93A,120363163378360199@newsletter,Ofertas | Olhar Digital,Sim,waha-meli-teste
2319470805,B2B,Tem grupo,Grupo,https://chat.whatsapp.com/LAQB5ZrfGcO7svEcZlkpij,558496947085-1607736966@g.us,Pechinchou - 236,Sim,waha-meli-teste
1462755273,B2B,Tem grupo,Grupo,https://chat.whatsapp.com/HXjAvm4sRrV1x56fZvTSEt,120363421659531796@g.us,Achadinhos Pelando VIP #7,Sim,waha-meli-teste
1484485184,B2B,Tem grupo,Grupo,https://chat.whatsapp.com/CpCCB70TN5F4c8qxV8Jhfo,120363423297045925@g.us,Tudo com Desconto #3,Sim,waha-meli-teste
1568385210,B2B,Tem grupo,Grupo,https://chat.whatsapp.com/CVvA9Qu8uDVJeihkSOOqoG,120363423396514595@g.us,#28 Melhores Descontos üõí,Sim,waha-meli-teste
1029902351,B2B,Tem grupo,Grupo,https://chat.whatsapp.com/HlZ48tgFzxB3dd6HfSS5KG,554299614855-1574987193@g.us,Descontos Top - Geral 9,Sim,waha-meli-teste
79019768,B2B,Tem grupo,Grupo,https://chat.whatsapp.com/ItTvOV3OIjk0GpMZzpDfd0,120363418416231901@g.us,Bike Radar #8 - Ofertas de ciclismo em primeira m√£o!,Sim,waha-meli-teste
1374758175,B2B,Tem grupo,Grupo,https://chat.whatsapp.com/H53rFiGXSx99iLqbVDjBlC,120363404000865338@g.us,PromoTop - 85,Sim,waha-meli-teste