ID;Tem Grupo Mapeado?;Endereço grupo 1;group_id;group_name;Category;Username;Tier;KAM Lead;KAM;tipo_link
4920261;Tem grupo;https://chat.whatsapp.com/E4EQRKbO6M90cYw7gNkkTu;120363404545670358@g.us;Oportunidades e promoções (Pedro Jorge);Content | Cross;pjinsta;Bronze;Thales Rimoli;Nina Adler;Grupo
5399188;Tem grupo;https://chat.whatsapp.com/GTv8c0Bgs1cJmW68m9fYSk;120363420550503179@g.us;Comunidade Moto Filé - 03;Content | Other;castrol5745;Gold;Lucas Vesterman;Rodrigo Nogi;Grupo
6034265;Tem grupo;https://www.whatsapp.com/channel/0029VaBdQyUB4hdPOB7CLk3r;120363185058576304@newsletter;odCasa;Content | C&I + F&H;natingraci;Silver;Lucas Vesterman;Rodrigo Nogi;Canal
6767693;Tem grupo;https://chat.whatsapp.com/BZ2EGGJzgqrCcsEYbZ6BQi;5511977432297-1602344382@g.us;PromoBKids 8;Content | Cross;promobkids;Bronze;Thales Rimoli;Nina Adler;Grupo
6867385;Tem grupo;https://chat.whatsapp.com/EAmbNt2PXP98dhP44m1dxr;5521996401320-1498688294@g.us;UP PromONLINE 4;Content | Cross;ofertasml;Bronze;Thales Rimoli;Nina Adler;Grupo
9110980;Tem grupo;https://chat.whatsapp.com/KxdMgbZXdXQ3XAxzL3C9aI;120363401043709845@g.us;BoardDog Caramelo #8 • Boardgame Ofertas;Content | Lifestyle;pepperofertas;Bronze;Caroline Marion;Renan Oshita;Grupo
13056075;Tem grupo;https://chat.whatsapp.com/BB08hsvPc7a9Hbh4oQKvCB;120363022474745864@g.us;01-Descontos Solar e Variedades;Content | C&I + F&H;tarcisiosimone;Gold;Lucas Vesterman;Lucas Vesterman;Grupo
15479744;Tem grupo;https://chat.whatsapp.com/J5mF0xD0j149n9BJDGI9oG;558481155959-1540473414@g.us;🛒 Te dou um desconto Ca 📲;Content | C&I + F&H;tedouumdesconto;Gold;Lucas Vesterman;Rodrigo Nogi;Grupo
15665498;Tem grupo;https://chat.whatsapp.com/IZcWfdBW6Pm2EFWxXnnEgY;120363353630990311@g.us;Clube Kotas #10;Content | Cross;kotas;Gold;Thales Rimoli;Carli Vasconcelos;Grupo
19026603;Tem grupo;https://chat.whatsapp.com/GVYQZog2sir01Q7aKel0Ym;555195575054-1629386789@g.us;2quadrinhos | Book Store (5);Content | Cross;lupuszin;Bronze;Thales Rimoli;Nina Adler;Grupo
25086949;Tem grupo;https://chat.whatsapp.com/EYQniVEmjwb8yKGwdITPeO;120363046210136131@g.us;IMPBR OFERTAS VIP 31 🇨🇳🇺🇸🇧🇷;Content | Cross;coringa_2010;Bronze;Thales Rimoli;Nina Adler;Grupo
39495020;Tem grupo;https://chat.whatsapp.com/K5db23eicfy84i8kVSp3IJ;120363410917864957@g.us;TD Sobre Promos #4;Content | Cross;Tudo Sobre Promos;Bronze;Thales Rimoli;Nina Adler;Grupo
43288841;Tem grupo;https://chat.whatsapp.com/JRHlMQXqG9K5Yu2WAKOyTc;120363320658017356@g.us;DICAS E LINKS PRODUTOS E IMPORTAÇÃO CLEDER RS;Content | Other;clederrs;Bronze;Lucas Vesterman;Rodrigo Nogi;Grupo
45068254;Tem grupo;https://chat.whatsapp.com/BW4ZLkfLClf2JDlIjl1ErN;120363400003300880@g.us;#41 Achadinhos da Drica❣️;Content | Cross;ASM DIGITAL COMMERCE LTDA;Bronze;Thales Rimoli;Nina Adler;Grupo
51373164;Tem grupo;https://chat.whatsapp.com/DNtg6aR9lHN1WxZJRytAPb;120363403140682732@g.us;#16 MESA INSPIRADA OFERTAS 🛍️;Content | C&I + F&H;emiliastep;Gold;Lucas Vesterman;Rodrigo Nogi;Grupo
53501280;Tem grupo;https://chat.whatsapp.com/KM7IF5UvXFIBmTudw6BPIW;5519999241506-1492827796@g.us;Promo desconto cupons 1;Content | Cross;promodescontocupons;Bronze;Thales Rimoli;Nina Adler;Grupo
60759037;Tem grupo;https://chat.whatsapp.com/KJbqeiP49kZFP5PEaGbkRs;120363418417033734@g.us;🩵 Promo do Bebezinho 16;Content | Cross;Promo;Bronze;Thales Rimoli;Nina Adler;Grupo
62758088;Tem grupo;https://chat.whatsapp.com/KGByLD3Sp028xVxG3tYEHK;120363265149785915@g.us;GATA GAROTA FINDS #8;Content | Cross;gatagarotafinds;Bronze;Thales Rimoli;Nina Adler;Grupo
63186757;Tem grupo;https://chat.whatsapp.com/LaYuXGLIop61whIHhuG1uu;120363418174945796@g.us;Grupinho da Gaby Promos #7;Content | Cross;gabrielamachado21;Bronze;Thales Rimoli;Nina Adler;Grupo
74339904;Tem grupo;https://www.whatsapp.com/channel/0029VaIymKi1HspyoimWMj1b;120363215126560601@newsletter;OFERTAS CONSUMIDOR EMPODERADO;Content | Cross;empoderado;Silver;Thales Rimoli;Priscila Marques;Canal
83966270;Tem grupo;https://chat.whatsapp.com/D2pR5wjC0en5KL4ci402jN;120363411493709051@g.us;PROMOS DO DIA #5 🛍️@ratadosachados;Content | Cross;ratadosachados;Bronze;Thales Rimoli;Nina Adler;Grupo
92297909;Tem grupo;https://chat.whatsapp.com/HFJ6lJ4667fBuYXA1sX05v;556182848384-1606487970@g.us;PromoBUGS 13;Content | Cross;razer12;Bronze;Thales Rimoli;Nina Adler;Grupo
94733098;Tem grupo;https://chat.whatsapp.com/IR0gCURtqgZAJGne6meFbh;120363362432979590@g.us;Promos Casa & Beleza #05;Content | C&I + F&H;achadosprincipais;Bronze;Lucas Vesterman;Rodrigo Nogi;Grupo
95228583;Tem grupo;https://chat.whatsapp.com/GSPhBned3lt8c8YGDeWN2M;120363418953363444@g.us;Grupo de Ofertas Eduardo Aquino;Content | Other;eduardoaquino;Bronze;Lucas Vesterman;Rodrigo Nogi;Grupo
103699751;Tem grupo;https://chat.whatsapp.com/EHLmN5WKblNFVnTZitKl9J;120363345362799526@g.us;Fórmula Ideal Fit - [ 06 ];Content | Cross;rogenevinicius;Bronze;Thales Rimoli;Nina Adler;Grupo
105244951;Tem grupo;https://chat.whatsapp.com/D5WQecRktdBIdbQyptI2JE;120363422191248817@g.us;MARCELO CASA ELETRO OFERTAS;Content | C&I + F&H;piresmarcelo;Silver;Lucas Vesterman;Rodrigo Nogi;Grupo
105889403;Tem grupo;https://chat.whatsapp.com/BHOBUeVoGwULOXQCisiHHL;120363423705201139@g.us;PERSONAL PROMOS 🏋🏻‍♀⚡ #23;Content | Lifestyle;yasmin;Bronze;Caroline Marion;Renan Oshita;Grupo
126729033;Tem grupo;https://chat.whatsapp.com/JpNQLb3dfVR6MYPDSsE59e;120363047833350976@g.us;Promoção Camaçari ;Content | Cross;promocaocamacari;Bronze;Thales Rimoli;Nina Adler;Grupo
127160608;Tem grupo;https://chat.whatsapp.com/I8hIMypg1Fs1ge4P4PsQZL;120363379285376262@g.us;PLAY na Gráfica ▶️🖨️ 4;Content | Other;lucasviper;Silver;Lucas Vesterman;Rodrigo Nogi;Grupo
129633865;Tem grupo;https://chat.whatsapp.com/E4v5VSQ6sU77jfuC68SVr8;120363419584848189@g.us;#46 PROMOÇÕES TODO DIA • @achadosencantoelar 🤎✨;Content | Cross;adriellymonick;Bronze;Thales Rimoli;Nina Adler;Grupo
134814361;Tem grupo;https://whatsapp.com/channel/0029VbBoPpCKwqSav31Qky1U;120363423742375625@newsletter;Melhores Promoções De Livros - Cupons E Ofertas;Content | Cross;melhorespromocoesdelivros;Bronze;Thales Rimoli;Nina Adler;Canal
136041603;Tem grupo;https://chat.whatsapp.com/DzVFj386f2dDqW79K4HWRH;120363421902691138@g.us;#3 Garimpei e achei pra vc! 🛍️;Content | C&I + F&H;bernardodoertzbacher123;Silver;Lucas Vesterman;Rodrigo Nogi;Grupo
138094323;Tem grupo;https://chat.whatsapp.com/DytAPlCQPHRHXLLHDw3js5;120363330656589638@g.us;Achadinhos da Ana 08;Content | Lifestyle;anahonorata;Bronze;Caroline Marion;Gabriela Oliveira;Grupo
141495725;Tem grupo;https://chat.whatsapp.com/3GnbahT2kj07ibWPPnar6t;5519997134690-1536855235@g.us;Economizeiro 3;Content | Cross;bertolifabio20230915200717;Bronze;Thales Rimoli;Nina Adler;Grupo
150242200;Tem grupo;https://chat.whatsapp.com/CsPrVPPLzDp3GNrvJXxFoV;120363402016954492@g.us;🦥 Preguiça Ofertas | 51;Content | Cross;preguicaofertas;Gold;Thales Rimoli;Carli Vasconcelos;Grupo
151613737;Tem grupo;https://chat.whatsapp.com/HtJECzzhkosKvFQP7ikHJo;120363378903402879@g.us;PROMOS DO RAFA - Magalu, Amazon, Mercado Livre e Shopee.;Content | Cross;rafaelsalvador;Bronze;Thales Rimoli;Nina Adler;Grupo
151885557;Tem grupo;https://chat.whatsapp.com/EVaIsW6fpGQLxq6JvEhPeI;120363300079054927@g.us;Ofertas Ninjas 24;Content | Cross;luana_poliedro;Bronze;Thales Rimoli;Nina Adler;Grupo
172902052;Tem grupo;https://www.whatsapp.com/channel/0029VbBdHaXDDmFOwpEd5u0f;120363418735996273@newsletter;HUB das Ofertas;Content | TE & HE;ltech;Bronze;Thales Rimoli;Alexandre Garcia;Canal
180066235;Tem grupo;https://chat.whatsapp.com/DC0femVBH6D0wtzKcg5kkX;120363405174119462@g.us;PromoLets - Grupo 30 🛍️🛒;Content | Cross;promolets;Bronze;Thales Rimoli;Nina Adler;Grupo
183440224;Tem grupo;https://chat.whatsapp.com/DZuh869CxDv8cfpiMdwJvx;120363405527121425@g.us;⚫ VICIADOS EM DESCONTOS 58 ⚫;Content | Cross;viciadosemdescontos;Bronze;Thales Rimoli;Nina Adler;Grupo
184149549;Tem grupo;https://chat.whatsapp.com/Cu4GqW4TxMO5P68NhWoQte;553498139991-1539743197@g.us;Madrugão das Ofertas 16;Content | C&I + F&H;madrugaodasofertas;Silver;Lucas Vesterman;Rodrigo Nogi;Grupo
185995823;Tem grupo;https://chat.whatsapp.com/FeqLgpkYkswKNiABW6r91T;120363310740735131@g.us;PROMOS DO DIA #4;Content | C&I + F&H;paulinhaboque;Silver;Lucas Vesterman;Rodrigo Nogi;Grupo
186339147;Tem grupo;https://chat.whatsapp.com/JV3kAkEMI6m9KgOvI4Tfwg;120363418717715040@g.us;Promoções de Peças e ferramentas de ar condicionado no mercado livre, aliexpress e shoope;Content | C&I + F&H;generalac;Bronze;Lucas Vesterman;Rodrigo Nogi;Grupo
187270170;Tem grupo;https://chat.whatsapp.com/CgPQPrd0TgnDvJlvObrT40;120363199428135007@g.us;Top Ofertas;Content | Cross;topofertas;Bronze;Thales Rimoli;Nina Adler;Grupo
192318860;Tem grupo;https://chat.whatsapp.com/IqOhCWsphe40HPdp3SyJ98;120363343512191789@g.us;#8 Promos da Lígia ;Content | Cross;promosdaligia;Bronze;Thales Rimoli;Nina Adler;Grupo
193433190;Tem grupo;https://chat.whatsapp.com/CC5pqDTkbMb9Jru18wDtBB;120363403514564265@g.us;CUPONS MERCADO LIVRE & SHOPEE - Kéthy 🚨;Content | Cross;achadinhosdomiguel2;Bronze;Thales Rimoli;Nina Adler;Grupo
195263497;Tem grupo;https://chat.whatsapp.com/ISAIUVowjcwFXMVXXDuXKv;120363200451219547@g.us;Motorhome Artesanal - Construir, Viajar e Viver a Vida!;Content | Other;rotaspelomundo;Bronze;Lucas Vesterman;Rodrigo Nogi;Grupo
198417628;Tem grupo;https://chat.whatsapp.com/FFH5yeS4TAOEPgx7CiNYif;120363304750414934@g.us;Achados da Gabby #26;Content | Cross;achadosdagabby;Bronze;Thales Rimoli;Nina Adler;Grupo
199596020;Tem grupo;https://chat.whatsapp.com/GHuF501Ikyu1P1cZzAcD9l;5518981703390-1544469531@g.us;PROMOS COM BRUNA 🩷 14;Content | Cross;shareyouroferta;Bronze;Thales Rimoli;Nina Adler;Grupo
205028015;Tem grupo;https://chat.whatsapp.com/Fspc3uykwrOKs5wDwPvsSW;553498946400-1628023390@g.us;Achadinhos Excelentes 8;Content | Cross;achadinhosexcelente;Bronze;Thales Rimoli;Nina Adler;Grupo
211158953;Tem grupo;https://chat.whatsapp.com/GDcfFc0eAMVCXwexm4Cxqu;120363406598224335@g.us;Best Promos BR #15;Content | Cross;bestpromosbr;Bronze;Thales Rimoli;Nina Adler;Grupo
211875855;Tem grupo;https://chat.whatsapp.com/Dnfo8RV1xR67QqXU7Gjs7z;120363190229692119@g.us;Promo do Marcão #1;Content | Cross;Marcos;Bronze;Thales Rimoli;Nina Adler;Grupo
213618896;Tem grupo;https://www.whatsapp.com/channel/0029Vb67Pq2D38CJBD35Bb0f;PREENCHER;PC DO RAFA OFERTAS;Content | Cross;aqle6195875;Bronze;Thales Rimoli;Nina Adler;Canal
214872957;Tem grupo;https://chat.whatsapp.com/I4rxvecT03O4u7c6fDFtfd;120363402397372326@g.us;Links queridinhos - Onde Você Comprou Camila;Content | C&I + F&H;heca195607;Bronze;Lucas Vesterman;Pedro Herrera;Grupo
224168003;Tem grupo;https://chat.whatsapp.com/F6TKjMctLNzCLfjsuH2L6h;120363419045113030@g.us;PROMOS DA DAY GRUPO 50🛍️;Content | Cross;dayanepatriarca;Bronze;Thales Rimoli;Nina Adler;Grupo
232876240;Tem grupo;https://chat.whatsapp.com/G3VAWq1I67MGOB99WSPQsZ;120363403550740822@g.us;#14 Promoções Especialista Utilitário;Content | Cross;especialistautilitar;Bronze;Thales Rimoli;Nina Adler;Grupo
234320014;Tem grupo;https://chat.whatsapp.com/Go8bPK7JPO4BAHLJUMC4NG;120363420966015434@g.us;#5 Promoções Para Homens;Content | Cross;larissasntana;Bronze;Thales Rimoli;Nina Adler;Grupo
238471146;Tem grupo;https://chat.whatsapp.com/KNKw7EZNadrK0rFxvYnO0u;120363205270613720@g.us;aki promoções - 91;Content | Cross;akipromocoes;Bronze;Thales Rimoli;Nina Adler;Grupo
239133648;Tem grupo;https://chat.whatsapp.com/HnC08HiyHfC1PzNrubCETN;120363401904672253@g.us;✨ OFERTAS/DESCONTOS 2 ✨;Content | C&I + F&H;promobugs;Bronze;Lucas Vesterman;Rodrigo Nogi;Grupo
241322914;Tem grupo;https://chat.whatsapp.com/GnNd6Ywc9H1LT7umESssV2;120363025177482647@g.us;👶🏻 PromoBaby | 28;Content | Cross;promobaby;Bronze;Thales Rimoli;Nina Adler;Grupo
241645688;Tem grupo;https://www.whatsapp.com/channel/0029VaawatuAjPXDmHQKs90V;120363284669443638@newsletter;🏷 DIG OFERTAS 💰;Content | TE & HE;canaldigplay;Bronze;Thales Rimoli;Alexandre Garcia;Canal
245178092;Tem grupo;https://chat.whatsapp.com/EWm3OYgq5zW2FIq2ZcfMEb;120363418984190995@g.us;Ofertas do Luan 👑 #01;Content | Cross;luandoparedaoo;Bronze;Thales Rimoli;Nina Adler;Grupo
255626570;Tem grupo;https://chat.whatsapp.com/DFy5njg0UpoFLynFwrJvI9;120363403259717990@g.us;UPdesconta - 14;Content | Cross;updesconto;Silver;Thales Rimoli;Priscila Marques;Grupo
256041945;Tem grupo;https://chat.whatsapp.com/Ex64pTyvGje40Rgp4SF9I7;120363400715449263@g.us;🔥 InfoBR Promoções ;Content | Cross;infobrpromos;Bronze;Thales Rimoli;Nina Adler;Grupo
257207451;Tem grupo;https://chat.whatsapp.com/EABVRCtu79KFE4r69pPcgl;120363409605904448@g.us;#30 Achados Online VIP B1;Content | Cross;seuachadosonline;Bronze;Thales Rimoli;Nina Adler;Grupo
261766502;Tem grupo;https://chat.whatsapp.com/EXd6dfZbz9YAT9ZF6kWk5b;120363304919833427@g.us;PROMO 101 🧜🏼‍♀️🛍️💘;Content | Lifestyle;sereiapromo;Bronze;Caroline Marion;Renan Oshita;Grupo
261918389;Tem grupo;https://chat.whatsapp.com/CbmwqR7d3nfJzr6lFGUieM;120363346833599296@g.us;Black Ofertas;Content | Cross;blackofertas;Bronze;Thales Rimoli;Nina Adler;Grupo
269337304;Tem grupo;https://chat.whatsapp.com/LL1XyZFwLv86vMMLjJBKpQ;555499666147-1632617653@g.us;Amiga, Compra! 63;Content | Cross;giuliaxisto;Bronze;Thales Rimoli;Nina Adler;Grupo
277875863;Tem grupo;https://chat.whatsapp.com/KyYARrmP91U4zeJVSCsWMr;120363418425133809@g.us;PROMOÇÕES DO DIA #22🏠 •  @homedeamiga;Content | C&I + F&H;boal9312648;Silver;Lucas Vesterman;Rodrigo Nogi;Grupo
280333191;Tem grupo;https://chat.whatsapp.com/CN22mi5ELvh5v44Zd2NVdj;120363407572236669@g.us;PROMOÇÕES DO DIA ✨️ #34 - @promochique_;Content | C&I + F&H;milenasacramento35;Bronze;Lucas Vesterman;Pedro Herrera;Grupo
286235056;Tem grupo;https://chat.whatsapp.com/LnB57KFgiEs5pUBlS0bHMS;120363352774962268@g.us;🔥Ofertas - Análise Inteligente;Content | Cross;larissamarchetti;Bronze;Thales Rimoli;Nina Adler;Grupo
288720773;Tem grupo;https://chat.whatsapp.com/HJQvYUWasgx3Pht0vBnjnk;120363156960081455@g.us;MaisBaratoTodoDia & Omundodepromos 5;Content | Cross;omundodepromos;Bronze;Thales Rimoli;Nina Adler;Grupo
297819181;Tem grupo;https://chat.whatsapp.com/Imsz2h3c3pw335M4sHlxR3;120363176519770632@g.us;Promoçõesdajuh;Content | Cross;promocoes_da_juh_;Bronze;Thales Rimoli;Nina Adler;Grupo
308454102;Tem grupo;https://chat.whatsapp.com/D0g8rY47fEP7GruDUabCIv;120363405012556171@g.us;SEPHORA E + ✨🛍️ 10;Content | Lifestyle;Nicoli;Bronze;Caroline Marion;Gabriela Oliveira;Grupo
311285776;Tem grupo;https://chat.whatsapp.com/FOYNbQ7TWQ8FKiKHGIkuir;5519994916888-1562798770@g.us;🛒|BIG OFERTAS VIP|🛒3⃣7⃣;Content | Cross;bigofertasvip;Bronze;Thales Rimoli;Nina Adler;Grupo
337625387;Tem grupo;https://chat.whatsapp.com/ER49hutRTcoItf3IEfYKHx;558293033682-1630619662@g.us;Achadinhos4you 5;Content | Cross;achadinhos4;Bronze;Thales Rimoli;Nina Adler;Grupo
338747893;Tem grupo;https://www.whatsapp.com/channel/0029Vb6W60JFsn0ejCWAdG0y;120363419511205572@newsletter;ACHADOS E PROMOÇÕES | DENI 🛒🤑;Creator;denisson;Creator;Caroline Marion;Ketlyn Gibeli;Canal
341004914;Tem grupo;https://chat.whatsapp.com/BgePWI8jh5H6bnju4DKlGn;120363402374120841@g.us;PROMOS POR FLÁVIA 16;Content | Cross;promosporflavia;Bronze;Thales Rimoli;Nina Adler;Grupo
350081684;Tem grupo;https://chat.whatsapp.com/DA2ad5cNWwDBXWCbaabzCK;120363406593106000@g.us;achadinhos ML 22;Content | C&I + F&H;laisanevesb;Gold;Lucas Vesterman;Rodrigo Nogi;Grupo
377046315;Tem grupo;https://chat.whatsapp.com/IdZy2ftZLXK2RCvulPH8YL;120363421722651627@g.us;Nossa Casa Ofertas 🏡#09;Content | C&I + F&H;nossacasaofertas;Silver;Lucas Vesterman;Pedro Herrera;Grupo
389626545;Tem grupo;https://chat.whatsapp.com/FN604YumZfKFQRzJAwWXcU;120363416624629947@g.us;9- Promoções Enxoval de Bebê e Mamãe 🤰🏻👶🏻;Content | Cross;hellenhcristina2;Bronze;Thales Rimoli;Nina Adler;Grupo
408274567;Tem grupo;https://chat.whatsapp.com/Db4BoPO9UqOKZkIx59xKiT;120363400056890494@g.us;PROMO 35 💗;Content | Cross;beautyporlivia;Bronze;Thales Rimoli;Nina Adler;Grupo
420553279;Tem grupo;https://chat.whatsapp.com/Kr80Ou7XFH10qXrY1Ig4UH;120363247657372700@g.us;PROMO DA MARYA 27 🛍️💖🥳;Content | Lifestyle;maryajcs;Bronze;Caroline Marion;Renan Oshita;Grupo
448250295;Tem grupo;https://chat.whatsapp.com/GbdkHTyBqRm9zeMfi4sqfB;120363221021006092@g.us;PROMO DA MILLA 4;Content | Cross;promodamilla;Bronze;Thales Rimoli;Nina Adler;Grupo
470806864;Tem grupo;https://chat.whatsapp.com/ED3SWc4c1ZT2oeACRALSiI;120363221966674705@g.us;Promo de Rica 🛍️ #8;Content | Cross;almaderica;Bronze;Thales Rimoli;Nina Adler;Grupo
472977261;Tem grupo;https://www.whatsapp.com/channel/0029Vb7utobJZg44EknmPF40;120363423131915233@newsletter;Sucumba Promo 🏷️🎮  - Games e Tech;Content | TE & HE;siga3918026;Bronze;Thales Rimoli;Alexandre Garcia;Canal
485945401;Tem grupo;https://www.whatsapp.com/channel/0029VaWVGkQ9sBI7w45PlA0I;120363265032291915@newsletter;PROMOÇÕES DE LIVROS - LBF 📚;Content | Cross;livrosblackfriday;Bronze;Thales Rimoli;Nina Adler;Canal
491946853;Tem grupo;https://chat.whatsapp.com/KQ9OtbZHybcFHclxBfWKNJ;120363403256567455@g.us;🚨🔥 PROMOS DO DIA #10;Content | C&I + F&H;gyyselly.gomez;Bronze;Lucas Vesterman;Rodrigo Nogi;Grupo
494747629;Tem grupo;https://chat.whatsapp.com/FjCNPuE1a3NDfq8a9myFiu;120363423981490216@g.us;16. Achadinhos da Laila;Content | Cross;laila;Bronze;Thales Rimoli;Nina Adler;Grupo
494870480;Tem grupo;https://www.whatsapp.com/channel/0029VbAUms0FnSzAUxuxs02v;120363420270158464@newsletter;OFERTAS GERAIS - Iago 🛒;Content | Cross;nejo2010997;Bronze;Thales Rimoli;Nina Adler;Canal
512825537;Tem grupo;https://chat.whatsapp.com/JhFn4frwWGC5aVLkBKHUK9;120363170923045249@g.us;Caça Descontos 100;Content | Cross;cacadescontos;Bronze;Thales Rimoli;Nina Adler;Grupo
516957832;Tem grupo;https://chat.whatsapp.com/HYbGYZwto0WLF66w9FCoZd;553185581917-1624221838@g.us;SEJA MAIS ECONÔMICO 18;Content | Cross;sejamaiseconomico;Bronze;Thales Rimoli;Nina Adler;Grupo
526807890;Tem grupo;https://chat.whatsapp.com/FI9ry983RG4GC4NVWBCuaV;120363332734613961@g.us;GRUPO VIP ACHADINHOS #1;Content | Cross;achadinhosdaline;Bronze;Thales Rimoli;Nina Adler;Grupo
527607504;Tem grupo;https://www.whatsapp.com/channel/0029ValCIl1J3jv1mQhrn03U;120363320899835012@newsletter;🥇ACHADOS FORA DA CURVA🥇;Content | C&I + F&H;foradacurca;Bronze;Lucas Vesterman;Pedro Herrera;Canal
529542790;Tem grupo;https://chat.whatsapp.com/Ix2dQHmytlDAo0xn1N3JTt;120363359399094990@g.us;Promos da Thau #6;Content | C&I + F&H;Thaune Vasconcellos;Bronze;Lucas Vesterman;Rodrigo Nogi;Grupo
538152142;Tem grupo;https://whatsapp.com/channel/0029Vb49XPAG3R3mQ6iGcR31;120363410514024112@newsletter;Diquinhas girl 🎀 (cupons, promoções, achadinhos);Content | Cross;diquinhasgirl;Bronze;Thales Rimoli;Nina Adler;Canal
553485627;Tem grupo;https://www.whatsapp.com/channel/0029Vb7MI9130LKU1XnXZ80x;120363423739408021@newsletter;Glow Up Masculino 💥;Content | TE & HE;nasa5361421;Bronze;Thales Rimoli;Alexandre Garcia;Canal
609644801;Tem grupo;https://chat.whatsapp.com/EsRQwMuKWgq09An8gWyenZ;120363425636544111@g.us;PROMOÇÕES DO DIA #22 ✨;Content | Cross;ofertasperdidinhas;Bronze;Thales Rimoli;Nina Adler;Grupo
619686179;Tem grupo;https://chat.whatsapp.com/IT6HDR0ZbVJ6GDQBibNlw5;120363404546811043@g.us;Cupons e Promoções Oficina do Teste ✅;Content | Other;MNW Educação e Tecnologia LTDA MNW Educação e Tecnologia LTDA;Gold;Lucas Vesterman;Rodrigo Nogi;Grupo
643684687;Tem grupo;https://chat.whatsapp.com/FYkz2q6mEonA9PTxtynSFk;5519995744519-1566639968@g.us;💥1️⃣ BIGPROMO 💱;Content | Cross;bigpromos;Bronze;Thales Rimoli;Nina Adler;Grupo
651524151;Tem grupo;https://chat.whatsapp.com/IN9ryaFxvclGarqRX2O1sA;120363408115856353@g.us;CASAMENTO NA PROMO #42;Content | Cross;naathmi2019;Bronze;Thales Rimoli;Nina Adler;Grupo
659377853;Tem grupo;https://chat.whatsapp.com/LtVi2TdNFB05Tx1hK6iXMh;120363404950890683@g.us;Odeio Pagar Caro 21;Content | C&I + F&H;achadinhosdaflavia;Silver;Lucas Vesterman;Rodrigo Nogi;Grupo
660834219;Tem grupo;https://chat.whatsapp.com/GgByzxRkMhGCjrrsnCVkG7;120363406077155516@g.us;🛍️🛒 SulStore Achadinhos #4;Content | Cross;se20241031082024;Bronze;Thales Rimoli;Nina Adler;Grupo
669879050;Tem grupo;https://chat.whatsapp.com/DeU4WsgR0ejA1kpWDcm38Y;120363192577257896@g.us;🔥 Ofertas Shopee + Mercado Livre;Content | Cross;Vinicius;Bronze;Thales Rimoli;Nina Adler;Grupo
673851790;Tem grupo;https://chat.whatsapp.com/HKSRI59R4M70RcRR4e4Rsq;120363328795243544@g.us;PROMO 126🧜🏼‍♀️💘🛍️;Content | Cross;paymentsclub;Bronze;Thales Rimoli;Nina Adler;Grupo
757367286;Tem grupo;https://chat.whatsapp.com/BDa3E4Tu0UHFIejC7qPtig;120363266907209595@g.us;PROMO DA LARI | 34 🛍️✨;Content | Cross;larissamarques;Bronze;Thales Rimoli;Nina Adler;Grupo
1045329161;Tem grupo;https://chat.whatsapp.com/HjDUX15mdheERY1YBcNS7t;120363377717402969@g.us;PROMOS DO DIA #14;Content | C&I + F&H;promodafeh;Bronze;Lucas Vesterman;Rodrigo Nogi;Grupo
1051711586;Tem grupo;https://chat.whatsapp.com/EpVQngxFANvCUpo2BxIV2R;120363144195697420@g.us;PROMOS 🛍️ @mildicasdamay;Content | Cross;mildicasdamay;Bronze;Thales Rimoli;Nina Adler;Grupo
1114585317;Tem grupo;https://www.whatsapp.com/channel/0029VbBJP9aDzgTBmNHBd62p;120363421932149025@newsletter;Bench Promos - Cupons e Promoções;Content | Cross;bench promos;Gold;Thales Rimoli;Carli Vasconcelos;Canal
1131148365;Tem grupo;https://chat.whatsapp.com/Ht02cqI5AesIMNWMiZz0oR;553191813564-1634173628@g.us;Promoções 12 💖;Content | Cross;marianaaraujopedroni;Bronze;Thales Rimoli;Nina Adler;Grupo
1167640603;Tem grupo;https://chat.whatsapp.com/HSvq7CwCckBC3dmH3BZyNU;120363423614701784@g.us;PROMOS DA GI 🏠 #15;Content | Cross;kulakgislaine20220805120526;Bronze;Thales Rimoli;Nina Adler;Grupo
1212259006;Tem grupo;https://chat.whatsapp.com/LjEObbfiOqsHPfUY02iKCp;120363399367182198@g.us;Samara | Promos Enxoval #16  🏠✨;Content | C&I + F&H;enxovaldecasanovaa;Gold;Lucas Vesterman;Rodrigo Nogi;Grupo
1228150632;Tem grupo;https://chat.whatsapp.com/HLMGZS4t8Al65DGfwDGHUw;120363404317439868@g.us;PROMOS DAS IRMÃS 33 ✨;Content | Cross;kristinastefany20221030073655;Bronze;Thales Rimoli;Nina Adler;Grupo
1231254149;Tem grupo;https://chat.whatsapp.com/FM5hHHAWUoq0Bcwb7pu1r0;120363405351615126@g.us;TênisLinks 104 🔗;Content | Lifestyle;tenislinks;Silver;Caroline Marion;Renan Oshita;Grupo
1282155962;Tem grupo;https://chat.whatsapp.com/DmxglF40thWBUnTSAxgq9m;5519983242609-1623983977@g.us;A Divulgadora - 07;Content | Cross;adivulgadora;Bronze;Thales Rimoli;Nina Adler;Grupo
1336224488;Tem grupo;https://chat.whatsapp.com/GqfDG6hsQxmCdjvQsR8FJu;120363406058713550@g.us;Achados360 #6;Content | Cross;recomenda360;Bronze;Thales Rimoli;Nina Adler;Grupo
1377796369;Tem grupo;https://chat.whatsapp.com/DADEt0cXpGb43qPrHOezyk;120363345454653037@g.us;OFERTAS da Achadinhos_loversdicas🛍️;Content | Cross;costaester20230518184738;Bronze;Thales Rimoli;Nina Adler;Grupo
1380412961;Tem grupo;https://chat.whatsapp.com/D8rLrIU5xAp2blnDomK8ns;120363029421457596@g.us;Importa Hardware PC Tech;Content | Cross;rafaelchinacuponsbr;Bronze;Thales Rimoli;Nina Adler;Grupo
1381379875;Tem grupo;https://chat.whatsapp.com/FadvbIyKZYHFtTouuRvoF1;120363414771546024@g.us;Home de Ofertas ✨🏠 | #9;Content | C&I + F&H;home-deofertas;Silver;Lucas Vesterman;Rodrigo Nogi;Grupo
1381583566;Tem grupo;https://chat.whatsapp.com/DXBvkZJkQLdBQpxymvWKSG;120363027468121202@g.us;🔥 OFERTA SECRETA VIP 🔥;Content | Cross;ofertasecreta;Bronze;Thales Rimoli;Nina Adler;Grupo
1396932291;Tem grupo;https://chat.whatsapp.com/Lb2QR1yZDzG6rQMbFnafuf;120363045116629526@g.us;SNAKE PROMOS 2 🐍;Content | Cross;snakepromos;Bronze;Thales Rimoli;Nina Adler;Grupo
1423311190;Tem grupo;https://chat.whatsapp.com/DJn4xRwMmMBEOVF896hHap;120363023713724854@g.us;Ofertão do Vinil 🔥;Content | Cross;ofertaodovinil;Bronze;Thales Rimoli;Nina Adler;Grupo
1424070748;Tem grupo;https://www.whatsapp.com/channel/0029VbBZEOzCcW4qg3agqr1H;120363420585774210@newsletter;La Promotion - Promoções;Content | Cross;lapromotion;Gold;Thales Rimoli;Carli Vasconcelos;Canal
1425333968;Tem grupo;https://www.whatsapp.com/channel/0029Vb1TKZf8F2pB4GPS532f;120363383599514532@newsletter;Boletando Geral - Todas as Ofertas;Content | Cross;dandan20230716072433;Bronze;Thales Rimoli;Nina Adler;Canal
1430584463;Tem grupo;https://chat.whatsapp.com/LKHSrKcR1bC8h6VLIX0ajW;120363421187277514@g.us;ACHADO NA PROMO 6;Content | Cross;achadonapromo;Bronze;Thales Rimoli;Nina Adler;Grupo
1433928862;Tem grupo;https://chat.whatsapp.com/DLG8MNYMbQvGe7Pw5kvQRV;120363404347940642@g.us;Indicações Sinceras;Content | Other;opiniaosincera;Bronze;Lucas Vesterman;Rodrigo Nogi;Grupo
1434918733;Tem grupo;https://chat.whatsapp.com/JuukyCT5JhVDTxK51mxacg;553499518171-1588775215@g.us;Promodetudo 28 B06;Content | Cross;babypromokids;Gold;Thales Rimoli;Carli Vasconcelos;Grupo
1440823950;Tem grupo;https://chat.whatsapp.com/FZrN7heaxV2An8cVqgxtkO;120363042203458688@g.us;3- Ofertas Imperdíveis 🔥;Content | C&I + F&H;leiladuraes;Bronze;Lucas Vesterman;Rodrigo Nogi;Grupo
1441074384;Tem grupo;https://whatsapp.com/channel/0029VaC6WTZIiRoqme2jp528;120363188419528367@newsletter;SDM LINKS 🔗👟;Content | Cross;sdmlinks;Bronze;Thales Rimoli;Nina Adler;Canal
1446956733;Tem grupo;https://chat.whatsapp.com/DSeLEmy3Ccg2cQIQu0PZIg;556182202458-1623964747@g.us;Achadinhos da Pri 6;Content | Cross;achadinhosdapri;Bronze;Thales Rimoli;Nina Adler;Grupo
1452102353;Tem grupo;https://whatsapp.com/channel/0029Va6L9zc5kg75OpwQIB40;120363183771275749@newsletter;Bugadão Promoções;Content | Cross;bugadao;Bronze;Thales Rimoli;Nina Adler;Canal
1453199461;Tem grupo;https://chat.whatsapp.com/Jrz3HOFXT0H2nuezw9Cswt;120363426227643517@g.us;Indiquei Descontos “Dia a Dia” #4;Content | Cross;cacadordepromocoes1;Bronze;Thales Rimoli;Nina Adler;Grupo
1457499617;Tem grupo;https://chat.whatsapp.com/BldsA8t1jugFH9GUR9ynr4;5521995300350-1625519005@g.us;👑 CHEFE DAS PROMOS 5️⃣;Content | Cross;marcosoliveira;Bronze;Thales Rimoli;Nina Adler;Grupo
1457548566;Tem grupo;https://chat.whatsapp.com/Hnap0dOKbtAFnvGqKpE8lP;120363416794587701@g.us;Melhores Eletrônicos 🚨;Content | C&I + F&H;rodrigoferrari;Silver;Lucas Vesterman;Rodrigo Nogi;Grupo
1461583629;Tem grupo;https://chat.whatsapp.com/FgIwCEwfro2IXCDmtEjvJs;120363023269469410@g.us;🛍💥 TEM PROMÔ 1️⃣4️⃣8️⃣;Content | Cross;tempromo;Gold;Thales Rimoli;Carli Vasconcelos;Grupo
1462250546;Tem grupo;https://chat.whatsapp.com/Kp58AjGuGduIgHcpfQFU2s;120363023609752718@g.us;Top Ofertas BabyKids 29;Content | Cross;topofertasbabykids;Bronze;Thales Rimoli;Nina Adler;Grupo
1469910364;Tem grupo;https://chat.whatsapp.com/KLkAjqEvGJT3K5qLbBac1a;120363044953698232@g.us;Clube do Presidente 36;Content | Cross;clubedopresidente;Gold;Thales Rimoli;Carli Vasconcelos;Grupo
1473563772;Tem grupo;https://chat.whatsapp.com/Bo1SAlQJh0Y4MAUTiqvhsC;120363352288581435@g.us;Urubu das promoções #86;Content | Cross;urubupromo;Gold;Thales Rimoli;Carli Vasconcelos;Grupo
1477767000;Tem grupo;https://chat.whatsapp.com/BgG8vfFpH374vIsjAtPDsc;120363048156000295@g.us;A Rainha das Promoções 53;Content | Cross;imperador;Bronze;Thales Rimoli;Nina Adler;Grupo
1481291340;Tem grupo;https://chat.whatsapp.com/HYUvyfS1Q4bEKoym7TxfyD;558481775555-1606101617@g.us;🟠 PINCEI OFERTAS | 060;Content | Cross;pinceipincei20230914215020;Bronze;Thales Rimoli;Nina Adler;Grupo
1481531398;Tem grupo;https://chat.whatsapp.com/KgFPQY1VUNF6uXfXnhM3Gp;558581746959-1601494410@g.us;Px Promoções‼️2️⃣2️⃣;Content | Cross;pxpromo;Bronze;Thales Rimoli;Nina Adler;Grupo
1485438702;Tem grupo;https://chat.whatsapp.com/EE7EJQXIkzt1WowgImHE45;120363418492178723@g.us;CMV News #54;Content | Cross;promocoespremium;Silver;Thales Rimoli;Priscila Marques;Grupo
1490703847;Tem grupo;https://chat.whatsapp.com/BB1mrpzPqTXAVpmQRDrfKz;120363026957550925@g.us;Ela Compra  05 🛒✨;Content | Lifestyle;elacompra;Bronze;Caroline Marion;Gabriela Oliveira;Grupo
1494770433;Tem grupo;https://chat.whatsapp.com/FxZcar1tnaHJq25QpDxHHP;120363400798898923@g.us;1️⃣9️⃣ GabPromo_ 🔥;Content | Cross;gabpromo;Silver;Thales Rimoli;Priscila Marques;Grupo
1495326565;Tem grupo;https://chat.whatsapp.com/LS4ZZQNWUUVA81RB6MeNmA;120363026480031823@g.us;PromodaCaren 5 🔒;Creator;PROMO;Creator;Caroline Marion;Ketlyn Gibeli;Grupo
1497443964;Tem grupo;https://chat.whatsapp.com/EEiuubOHou3FiTT9WJaZt3;120363422581214841@g.us;CUPONS E PROMOÇÕES- OFICINA GARAGEM 💸;Content | C&I + F&H;oficinagaragem;Bronze;Lucas Vesterman;Rodrigo Nogi;Grupo
1514602500;Tem grupo;https://www.whatsapp.com/channel/0029VaJ2uGWIyPtLxL4oOk2x;120363218329088384@newsletter;PromoDica;Content | Cross;recomendou;Gold;Thales Rimoli;Carli Vasconcelos;Canal
1530928799;Tem grupo;https://chat.whatsapp.com/Edx7gxnd36u1gJvPfvNThG;120363403434849439@g.us;OlhadaPromos #26;Content | C&I + F&H;olhadatec;Gold;Lucas Vesterman;Lucas Vesterman;Grupo
1542380813;Tem grupo;https://chat.whatsapp.com/E6EqRSUMskDIDummw00C0b;120363024169437390@g.us;Promos na Hora 18;Content | Cross;promosnahora_;Bronze;Thales Rimoli;Nina Adler;Grupo
1578049413;Tem grupo;https://chat.whatsapp.com/IEi2MYmLZ5a6QcSCZ5Y1M5;5511973925868-1504552175@g.us;Ofertas da China 16;Content | Cross;obf;Bronze;Thales Rimoli;Nina Adler;Grupo
1590840544;Tem grupo;https://www.whatsapp.com/channel/0029VakWGDv8fewvwsJpqa2t;120363318611211845@newsletter;OFERTAS DA HORA;Content | Cross;comprare;Bronze;Thales Rimoli;Nina Adler;Canal
1613964777;Tem grupo;https://chat.whatsapp.com/DtFr340RdJJBW98IvUSTDp;120363426413430000@g.us;🔥 PRS PROMOÇÕES 12;Content | Cross;pedrosomrs;Bronze;Thales Rimoli;Nina Adler;Grupo
1701871528;Tem grupo;https://chat.whatsapp.com/KEK1ClD82QdBvqyzSDD5T2;120363405053615060@g.us;Promos do Dia #253 @espiadeofertinhas;Content | Cross;espiadeofertas;Bronze;Thales Rimoli;Nina Adler;Grupo
1756402797;Tem grupo;https://chat.whatsapp.com/HEi2otzaI1E8NVJDxyFBNo;120363039175634581@g.us;Promos da Ju 26;Content | Cross;jufrois;Bronze;Thales Rimoli;Nina Adler;Grupo
1782346872;Tem grupo;https://chat.whatsapp.com/BjnYWx0iQwPH0vVXzGG3rJ;120363400112068133@g.us;OFERTAS DO DIA #29;Content | C&I + F&H;queridoachado;Silver;Lucas Vesterman;Rodrigo Nogi;Grupo
1798042044;Tem grupo;https://chat.whatsapp.com/Ki9h2E9kDrXIsb0SZL6iCE;120363419310810326@g.us;PROMOS DA LÊ 🫶🏻🏠 - #48;Content | C&I + F&H;leticiabraga;Gold;Lucas Vesterman;Rodrigo Nogi;Grupo
1862563279;Tem grupo;https://chat.whatsapp.com/HYulKnK4ytA61ivue8FoIT;120363303377968990@g.us;tánoDescontinho | 030;Content | Cross;tanodescontinho;Bronze;Thales Rimoli;Nina Adler;Grupo
1890922253;Tem grupo;https://chat.whatsapp.com/HOsOsxKFrkv0bjvG26nIfP;120363316065015191@g.us;🎮 [PromoHype] Ofertas em Games #14;Content | Cross;promohype;Bronze;Thales Rimoli;Nina Adler;Grupo
1933798586;Tem grupo;https://chat.whatsapp.com/FzMNOSoIWYrJz25vJHDgip;120363404427091170@g.us;Comunidade Marcenaria Afetiva;Content | C&I + F&H;fabyfranco;Bronze;Lucas Vesterman;Pedro Herrera;Grupo
1951744105;Tem grupo;https://www.whatsapp.com/channel/0029Vb5lrZB7DAWxJcM7qW04;PREENCHER;Poison Promos;Content | TE & HE;poison;Silver;Thales Rimoli;Alexandre Garcia;Canal
1998255005;Tem grupo;https://chat.whatsapp.com/GVUWBgF7FuXJKk480I9kUo;120363318743080677@g.us;achadasso | 008;Content | Cross;achadasso;Bronze;Thales Rimoli;Nina Adler;Grupo
2009130689;Tem grupo;https://chat.whatsapp.com/HkdTMTpvm9QIBQsTQ85ypb;120363027275460421@g.us;G4 PROMOÇÃO KIDS BRASIL;Content | Cross;promokds;Bronze;Thales Rimoli;Nina Adler;Grupo
2015096198;Tem grupo;https://chat.whatsapp.com/K5HtbGLRfzUL2UeMEUPdZy;120363242927912020@g.us;GRUPO VIP - RJESSI #16;Content | Cross;assessoria.rshein;Bronze;Thales Rimoli;Nina Adler;Grupo
2016904512;Tem grupo;https://chat.whatsapp.com/GZ1nIEWq2nlCRXhOI0jcA0;120363400652487082@g.us;PEÇAS E ACESSÓRIOS MERCADO LIVRE JEEP FIAT RAM GRUPO 2;Content | Cross;gt20241001193656;Bronze;Thales Rimoli;Nina Adler;Grupo
2128299586;Tem grupo;https://www.whatsapp.com/channel/0029VbAtYjO6WaKkdJjKCn1J;120363421658691410@newsletter;Clube De Cupons Do Esser;Content | Other;esser;Gold;Lucas Vesterman;Rodrigo Nogi;Canal
2200130866;Tem grupo;https://chat.whatsapp.com/GtdiSUOSiWZLxvygZs2tcq;120363397676403150@g.us;Desconto Família 🎟️ [12];Content | Cross;od20250107113353;Bronze;Thales Rimoli;Nina Adler;Grupo
2202505476;Tem grupo;https://chat.whatsapp.com/Lu6p0iKzBQbAjkwdvmlti6;120363039019103776@g.us;AFNETO OFERTAS # 35;Content | Cross;afneto_ofertas;Silver;Thales Rimoli;Priscila Marques;Grupo
2204331964;Tem grupo;https://chat.whatsapp.com/BiJLq6Eh4NEDpi3UVHC6O5;120363423998933221@g.us;Tralha do Dia Ofertas 38;Content | Cross;tralha;Gold;Thales Rimoli;Carli Vasconcelos;Grupo
2248551244;Tem grupo;https://chat.whatsapp.com/JLKetC3VWipD3XeSp78KNn;120363419560029615@g.us;GRUPÃO MUQUIRANAS#20;Content | Cross;eydyzinhamuquirana;Bronze;Thales Rimoli;Nina Adler;Grupo
2345017244;Tem grupo;https://chat.whatsapp.com/CLCR1gbm93vFzDwWOMUu4k;120363406925557915@g.us;@pegar.promo #159;Content | Cross;promosinc;Gold;Thales Rimoli;Carli Vasconcelos;Grupo
2355030132;Tem grupo;https://chat.whatsapp.com/LhGgg1x4E2gKBphZk4VSpc;120363403155767426@g.us;Promo Fitness | 11;Content | Lifestyle;lcupons;Silver;Caroline Marion;Renan Oshita;Grupo
2357360325;Tem grupo;https://chat.whatsapp.com/CkFoSNZVHcfEkpeQA64UH4;120363401165861041@g.us;🙉🚀 Guru das Promoções;Content | Cross;guru;Bronze;Thales Rimoli;Nina Adler;Grupo
2389628095;Tem grupo;https://chat.whatsapp.com/JTKzEHVcVTS9UkeSjT52nz;120363405096487482@g.us;Ofcpromo Ofertas #69;Content | Cross;ofcprominho;Gold;Thales Rimoli;Carli Vasconcelos;Grupo
2419513435;Tem grupo;https://chat.whatsapp.com/FZ4w6rzpRqD6JWpNriLNgk;120363417291950474@g.us;@migas.economizam #74;Content | Lifestyle;migaseconomizam;Gold;Caroline Marion;Leonardo Santos;Grupo
2428615837;Tem grupo;https://chat.whatsapp.com/HyJRrl4amfuK5GKakOeysK;120363342285229964@g.us;MESDEPROMO #3;Content | Cross;vendas.shopee.igor8;Bronze;Thales Rimoli;Nina Adler;Grupo
2444397966;Tem grupo;https://chat.whatsapp.com/EwSp5TKoMts50ZkgHfnZGj;120363420374537039@g.us;Promos da Mila #10;Content | Cross;moisesemila;Bronze;Thales Rimoli;Nina Adler;Grupo
2457362902;Tem grupo;https://chat.whatsapp.com/BrTfpsUm78ZH6I1MhgecSb;120363423754236451@g.us;PROMOS DE BROTHER 91;Content | Cross;promosdebrother;Silver;Thales Rimoli;Priscila Marques;Grupo
2479047723;Tem grupo;https://www.whatsapp.com/channel/0029Va9UKX32P59fGYWPEH1j;120363181602471460@newsletter;Nerd CUPONS;Content | Cross;admtokkyo;Gold;Thales Rimoli;Carli Vasconcelos;Canal
2529067622;Tem grupo;https://chat.whatsapp.com/DV3Rn5oN3kw6Qv87gnbdXX;120363422237902383@g.us;ROCHA PROMOS #17;Content | Lifestyle;Felipe;Bronze;Caroline Marion;Renan Oshita;Grupo
2530242411;Tem grupo;https://chat.whatsapp.com/D9t5iB6M8kxCZI0jx919Cr;554191669128-1634856408@g.us;Promocasinha GD28 💚;Content | C&I + F&H;aa20250703094505;Gold;Lucas Vesterman;Rodrigo Nogi;Grupo
2553619058;Tem grupo;https://chat.whatsapp.com/JHb9jx2Avdu1D9z9y7ND26;120363407289766032@g.us;Promoção @biancapazetti #4;Content | C&I + F&H;grupowhats;Bronze;Lucas Vesterman;Pedro Herrera;Grupo
2569994453;Tem grupo;https://chat.whatsapp.com/F1EqeIgsyTKHG93NurxjT0;120363419290893074@g.us;OlhadaPromos #38;Content | Cross;OLHADAPROMOS;Gold;Thales Rimoli;Carli Vasconcelos;Grupo
2582600349;Tem grupo;https://chat.whatsapp.com/GR7KiJXmmXQ4pSImXTlwTk;120363420336310614@g.us;🧡Lucrei com a Clau🧡 Cupons secretos, descontos bugs e achadinhos #4;Content | Cross;c20250727155157;Bronze;Thales Rimoli;Nina Adler;Grupo
2689238731;Tem grupo;https://chat.whatsapp.com/Ex6a7F8fpZ4EZKZQrIQf1O;120363423103218578@g.us;🔥 PRS PROMOÇÕES 11;Content | Other;rodrigo;Gold;Lucas Vesterman;Rodrigo Nogi;Grupo
2953203570;Tem grupo;https://chat.whatsapp.com/CRUTXI70ye28HMr7WFxPLU;120363028772177908@g.us;PROMOS DAY 124;Content | Lifestyle;promosday1;Bronze;Caroline Marion;Gabriela Oliveira;Grupo
2958637361;Tem grupo;https://www.whatsapp.com/channel/0029VaWYh1TICVfpfbzDNH2v;120363264719037215@newsletter;DESCONTÃO DA VEINHA;Content | Other;i20251031112841;Silver;Lucas Vesterman;Pedro Herrera;Canal
