cust_id;Classificação Atual;deals group on wpp?;STATUS;LINK_OK
1856859073;KAM - top 1000;Sim;CANAL;https://www.whatsapp.com/channel/0029VavQ9i68aKvEJa01Si0s
83215915;KAM - top 1000;Sim;CANAL;https://www.whatsapp.com/channel/0029Va7jECnCcW4tZ15e8v1v
1426600144;KAM - top 1000;Sim;CANAL;https://www.whatsapp.com/channel/0029Va8GkBr5fM5iaPVX0c28
1297399555;KAM - top 1000;Sim;CANAL;https://whatsapp.com/channel/0029Vakbd7m3rZZiNBpvhU0y
1297399555;KAM - top 1000;Sim;CANAL;https://www.whatsapp.com/channel/0029Vakbd7m3rZZiNBpvhU0y?fbclid=PAZXh0bgNhZW0CMTEAAadRoFB1lGAiKESfwQlUJ-m2t_FwLtzk8szwtEZ0J5GfO1O0VR1aebkj5ZyIEA_aem_9x5FgWZ-VHWgJMEkL7G7GA
1450808630;KAM - top 1000;Sim;CANAL;https://www.whatsapp.com/channel/0029Vb6utoYFXUuZXnzl5619
1114585317;KAM - ouro;Sim;CANAL;https://www.whatsapp.com/channel/0029VbBJP9aDzgTBmNHBd62p?
1114585317;KAM - ouro;Sim;CANAL;https://www.whatsapp.com/channel/0029VbBJP9aDzgTBmNHBd62p?fbclid=PAZXh0bgNhZW0CMTEAAae32tBkLXNaDzwchmglVLXLDmLa4onLEK6UMw4op25Tx7lTcIryD6JcBRv1UA_aem_AznNWot3JZd5_PmBAUTuNg
2046114897;KAM - top 1000;Sim;CANAL; https://whatsapp.com/channel/0029Vb6bjUFHbFV8WSh7Yy2c
1424070748;KAM - ouro;Sim;CANAL;https://whatsapp.com/channel/0029VbBZEOzCcW4qg3agqr1H
1424070748;KAM - ouro;Sim;CANAL;https://www.whatsapp.com/channel/0029VbBZEOzCcW4qg3agqr1H?fbclid=PAZXh0bgNhZW0CMTEAAaeFiwUajifNZ5lSJ33qtqW4O3Ed3OmDUMpe2eW_DFVvenI4Etq-XlhfzEdDcw_aem_5DOqV2dx_s7qAWbX99agvw
1473563772;KAM - top 1000;Sim;CANAL;https://www.whatsapp.com/channel/0029Vb6pG2SLI8YRMFfFFT2e
1064692687;KAM - top 1000;Sim;CANAL;https://www.whatsapp.com/channel/0029VafAapsLikgF9NOsIC0w?fbclid=PAZXh0bgNhZW0CMTEAAaeRVDEDPORicafDtQDbw-3H1wz5rA2EGwGSSGR9xVN2RYOMDh_cO6KdLP9z-Q_aem_MjGKgG0GAwr96MTWxSKodQ
1751948527;MElIpro;Sim;CANAL;https://www.whatsapp.com/channel/0029VbB6mjdGJP8NfREt291s?fbclid=PAZXh0bgNhZW0CMTEAAacUrIUAu80gM-L8IdPImGEN2xiNxF4tMLxdbvRw1e4cHVc_Q6Tgj--LQvCf4w_aem_ro_CqntEy4TIzns9BUHkXg
158469611;MElIpro;Sim;CANAL;https://whatsapp.com/channel/0029Vb6uRsq3LdQMt8FL2X0k
2351478061;KAM - top 1000;Sim;CANAL;https://www.whatsapp.com/channel/0029VajMO5Y4Crfd9sUv321p
2482396402;MElIpro;Sim;CANAL;https://www.whatsapp.com/channel/0029VaxisiOHrDZePvFoqk16
360964968;MElIpro;Sim;CANAL;https://www.whatsapp.com/channel/0029VauwFzgBKfi7XHSLkI3o?fbclid=PAZXh0bgNhZW0CMTEAc3J0YwZhcHBfaWQMMjU2MjgxMDQwNTU4CGNhbGxzaXRlAjE1AAGn2Ne_XRsw5WDq_NoWaAhoEp9jK3SaSPaT2Og0Z_2uy0v_JH_JC8KZRcjqGUg_aem_Ska_v6-gFaQU-HfHcIj19w
224168003;KAM - top 1000;Sim;CANAL;https://www.whatsapp.com/channel/0029VamngXq6xCSIPEEtlw01 
224168003;KAM - top 1000;Sim;CANAL;https://www.whatsapp.com/channel/0029VatvEAm3LdQSgVnsaV3X 
224168003;KAM - top 1000;Sim;CANAL;https://chat.whatsapp.com/JVIE5k7qfd3J3UDC0iotAD
74339904;KAM - top 1000;Sim;CANAL;https://www.whatsapp.com/channel/0029VaIymKi1HspyoimWMj1b
342729046;KAM - top 1000;Sim;CANAL;https://www.whatsapp.com/channel/0029Va9pNUS1dAwAOtvz6v1E?fbclid=PAZXh0bgNhZW0CMTEAAaf4FoshT4jcqI7J6cwucWECCPlf9FAWL2lHmz7blprEKGeI-sYqNSDkhcHu7A_aem_x2jC5XheKLZAvrnKeEPw0Q
1452102353;KAM - top 1000;Sim;CANAL;https://www.whatsapp.com/channel/0029Va6L9zc5kg75OpwQIB40
1447302999;KAM - top 1000;Sim;CANAL;https://www.whatsapp.com/channel/0029VaPgpJ2C1Fu2ofsCSu0f
323419246;KAM - top 1000;Sim;CANAL;https://www.whatsapp.com/channel/0029Vao7Mp94CrfckfC8Z03Z?fbclid=PAZXh0bgNhZW0CMTEAAafqrbgD1HhtMtfrPXqE12otlUTYrXzOCOTd9AGMnzD5bzX2FIXotnABMRFqlA_aem_WrYV-v1N0kKCCJ0qYOYNyg
225367126;MElIpro;Sim;CANAL;https://www.whatsapp.com/channel/0029VafETHjHLHQPMhDXoU1U
1375138586;KAM - ouro;Sim;CANAL;https://www.whatsapp.com/channel/0029VaDBeqBGzzKKm5geVS0W
1375138586;KAM - ouro;Sim;CANAL;https://www.whatsapp.com/channel/0029VaDc0VKATRSg2k5sOb0u
1453452471;KAM - ouro;Sim;CANAL;https://www.whatsapp.com/channel/0029Va9QFJGICVfkJA730514
1387667693;KAM - ouro;Sim;CANAL;https://www.whatsapp.com/channel/0029Va9PbS9Id7nVKzupxn15
1383038146;KAM - top 1000;Sim;CANAL;https://chat.whatsapp.com/J9ozsjtI50PA2xOOV8aySm
1185718745;KAM - ouro;Sim;CANAL;https://www.whatsapp.com/channel/0029VaklNp8K5cDK9b5V5L0l
44352982;KAM - top 1000;Sim;CANAL;https://www.whatsapp.com/channel/0029Vb6EHc1KmCPTwxvrbT10
271562467;KAM - top 1000;Sim;CANAL;https://whatsapp.com/channel/0029VaBn9E0LI8YSVjV6qT1i
165269796;KAM - top 1000;Sim;CANAL; https://whatsapp.com/channel/0029Vb6KTOB0LKZN2ee2co0y
340577258;KAM - top 1000;Sim;CANAL;https://whatsapp.com/channel/0029VaH1sTrC6Zvonv3LRT0d
1128477483;KAM - top 1000;Sim;CANAL;https://www.whatsapp.com/channel/0029VaAWMTOLo4hfUT0CXV2t
129828195;KAM - top 1000;Sim;CANAL;https://www.whatsapp.com/channel/0029VanwKdI3AzNSZMVS4b2z?fbclid=PAZXh0bgNhZW0CMTEAAafRGT9holVSEijHNMYVX48jo14hucpYjJGE4WvXrK1ZdI17J6lXPh1WjCjlGA_aem_3xPAn8F-j_EcfexNrM8ZAg
1334764746;KAM - top 1000;Sim;CANAL;https://www.whatsapp.com/channel/0029Va4l5Wx545uoDl9sil27
48673895;KAM - top 1000;Sim;CANAL;https://www.whatsapp.com/channel/0029VaAjS53B4hdTFeuFFj21
1422846329;KAM - ouro;Sim;CANAL;https://www.whatsapp.com/channel/0029Va5CpAiBadmWMB4h2R2Z
1231808348;KAM - ouro;Sim;CANAL;https://www.whatsapp.com/channel/0029VaEPqqBDOQIUTTOCMg1l
1464475202;KAM - ouro;Sim;CANAL;https://www.whatsapp.com/channel/0029VaeeUxSIXnlrDEtL5y0P
1464475202;KAM - ouro;Sim;CANAL;https://www.whatsapp.com/channel/0029Va9lrS5GufIu669tIy13
207302282;KAM - top 1000;Sim;CANAL;https://www.whatsapp.com/channel/0029VanhKWjJUM2ZkrzNmD2o
2490611911;KAM - ouro;Sim;CANAL;https://www.whatsapp.com/channel/0029VbArBWU2Jl8MlhM75q2l
1317961778;KAM - ouro;Sim;CANAL;https://www.whatsapp.com/channel/0029Val8yoECHDyoi2TgYt1z
1441090684;KAM - top 1000;Sim;CANAL;https://web.whatsapp.com/accept?channel_invite_code=0029VaLa5nXEQIagEO53jy2M&source_surface=
204139460;MElIpro;Sim;CANAL;https://www.whatsapp.com/channel/0029Vb62JAnI1rclRh8Fp930
76331531;KAM - ouro;Sim;CANAL;https://www.whatsapp.com/channel/0029Va9nksu4yltLsvwnOH3s
268850426;KAM - ouro;Sim;CANAL;https://www.whatsapp.com/channel/0029Va8zBgzChq6DXixWSk39
1856859073;KAM - top 1000;Sim;GRUPO;https://chat.whatsapp.com/FNsFNlXRKOL7XMGQXxEQsL
192874049;KAM - top 1000;Sim;GRUPO;https://chat.whatsapp.com/BoLSdL7XEYD1NzGtQ5gYLk
1639459856;KAM - top 1000;Sim;GRUPO;https://chat.whatsapp.com/IjHp4Xcwz1WBaBduXFvLbe
107916024;KAM - top 1000;Sim;GRUPO;https://chat.whatsapp.com/GdOZRL4Zd8Y6GgkRCiy4BR
107916024;KAM - top 1000;Sim;GRUPO;https://chat.whatsapp.com/DxZvHGHttCaD6JyJDH909k?mode=wwt&fbclid=PAZXh0bgNhZW0CMTEAAafDOQHHkx43U6V6yK1GZ0KWi3WAZMWWaw8rgPdMLzTBFFgHMY8JDIzKpHEVkw_aem_-wdaoGB2zHWQUF09AzvSgw
147294155;KAM - top 1000;Sim;GRUPO;https://chat.whatsapp.com/GlZbsfe4H0q7GdhETjruhL
2018286552;KAM - top 1000;Sim;GRUPO;https://chat.whatsapp.com/D8NnSjHPAZF8lMuyg6GaZx
1359646788;KAM - top 1000;Sim;GRUPO;https://chat.whatsapp.com/Jk0QUFBRO3dCCT5foBbdfy
615723245;KAM - top 1000;Sim;GRUPO;https://chat.whatsapp.com/DCxjP81VSPYBL6Gxv9H52C
807123036;KAM - top 1000;Sim;GRUPO;https://chat.whatsapp.com/BJK04Bp8B0TBWJDs73DNxc
1539409111;KAM - top 1000;Sim;GRUPO;https://chat.whatsapp.com/KXGSBZpRWnc5c66bbkNL1b
199937377;KAM - top 1000;Sim;GRUPO;https://chat.whatsapp.com/CiHKYdjrF733WMLdgeWamv
1436446356;KAM - top 1000;Sim;GRUPO;https://chat.whatsapp.com/IPSunnzc2kc14Z6Z4T1BRe?mode=wwt&utm_source=ig&utm_medium=social&utm_content=link_in_bio&fbclid=PAZXh0bgNhZW0CMTEAc3J0YwZhcHBfaWQMMjU2MjgxMDQwNTU4AAGni_weII7WpLiOJnIyET4pQDVFFd6x0KefuwAZdxSNSfGjS1qjY08ugX8qlMI_aem_o0sq-V8kWlfJsJz1MVgZng
1434918733;KAM - ouro;Sim;GRUPO;https://chat.whatsapp.com/E4qUixsvh7p5U3oS1RBXrk
1434918733;KAM - ouro;Sim;GRUPO;https://chat.whatsapp.com/FqIteVfgSfs1GpCpiaNVzI
1434918733;KAM - ouro;Sim;GRUPO;https://chat.whatsapp.com/FXUCuEo8s98J6zSshRoJva
149518102;KAM - ouro;Sim;GRUPO;https://chat.whatsapp.com/HedUmWn1r3VKHnlZEue8gB?mode=ems_copy_t
1469910364;KAM - ouro;Sim;GRUPO;https://chat.whatsapp.com/H3jL0RfJTCRJVgNwxynt9x
1457441247;KAM - top 1000;Sim;GRUPO;https://chat.whatsapp.com/I4uxOIVx0LvCPNpKYNbO5D?mode=wwt
1399249654;KAM - top 1000;Sim;GRUPO;https://chat.whatsapp.com/EL3YhRQnu7v7pscoHawGGQ
1947955373;KAM - top 1000;Sim;GRUPO;https://chat.whatsapp.com/Hxfay43oaJJ45xfc7phl30
152436288;KAM - top 1000;Sim;GRUPO;https://chat.whatsapp.com/BfBkmyemsuGBkik1z0Syk7
15665498;KAM - ouro;Sim;GRUPO;https://chat.whatsapp.com/IZcWfdBW6Pm2EFWxXnnEgY
15665498;KAM - ouro;Sim;GRUPO;https://chat.whatsapp.com/Hcb23EBqkdo3vYXuuyB8bB?fbclid=PAZXh0bgNhZW0CMTEAAadoR2nM9Yz5VIa_hKSRiNmCnEg4ichC7UL4Cd04m9S8RqZ6hB-s05pfYEyo6w_aem_-lESTKZnYboCxtyqP0CpvA
251645009;KAM - ouro;Sim;GRUPO;https://chat.whatsapp.com/JjCBht3H16NIKfyUQKAzAd
1420365380;KAM - ouro;Sim;GRUPO;https://chat.whatsapp.com/FlTqfDyBFsfEnhg3aNrd2a 
150242200;KAM - top 1000;Sim;GRUPO;https://chat.whatsapp.com/GQcZXJZLBEyI5cRG4aFzaW
1482183974;KAM - ouro;Sim;GRUPO;https://chat.whatsapp.com/KbiC4HyAPgZ5c0B4YZtX5N
1426808500;KAM - ouro;Sim;GRUPO;https://chat.whatsapp.com/Hh2u9KrgZCy1lfSciIrM12
1426808500;KAM - ouro;Sim;GRUPO;https://chat.whatsapp.com/IFJMvDHZc2AIYyGqQcEHqt
2345017244;KAM - ouro;Sim;GRUPO;https://chat.whatsapp.com/IGzGIvFKBHJKx3Evx2YkQr
1374758175;KAM - top 1000;Sim;GRUPO;https://chat.whatsapp.com/DnUki4oaa3i8MJggSn6JL2
1374758175;KAM - top 1000;Sim;GRUPO;https://chat.whatsapp.com/F3t3SxsJgRA2iWAVXV5srQ
1156310262;KAM - top 1000;Sim;GRUPO;https://chat.whatsapp.com/HIA1YelpowB29KYAbRb2WC
263391604;KAM - ouro;Sim;GRUPO;https://chat.whatsapp.com/GnuAYOcO4UkLrBg2A2iFvX
1427325193;KAM - top 1000;Sim;GRUPO;https://chat.whatsapp.com/FDmaefqLyH36zb6NAdZNz8
1461583629;KAM - ouro;Sim;GRUPO;https://chat.whatsapp.com/L4WWuJiPeQCDZczO3dHCce
200355621;KAM - top 1000;Sim;GRUPO;https://chat.whatsapp.com/Jtzve7J0p4iHcq4p9dSJnE?mode=ems_wa_t
301138223;KAM - top 1000;Sim;GRUPO;https://chat.whatsapp.com/HBvVODelAE210I8mQbpZxF
161561413;KAM - top 1000;Sim;GRUPO;https://chat.whatsapp.com/D0ihIeknxF8DivVxNdXMT8?fbclid=PAZXh0bgNhZW0CMTEAAaddYVsUtOAV-lCAIjFcrVGYDRd0ffv4U7ll06YiNQnpPYGAXvjY5JCejJeu5A_aem_JO83a-2tN29bAqGOOEqeeQ
2359144247;KAM - top 1000;Sim;GRUPO;https://chat.whatsapp.com/Lvt6ezs2Fz6ItqKyCW6JE6?mode=ems_copy_c&fbclid=PAZXh0bgNhZW0CMTEAAaecVIipIqzPHpM9TWnQt9z5lLbf8yw0MVN9vTjW7esIEjh9DNIm2Xb8mIN4kw_aem__bvkExuwYQzmobqnHbOmOA
1408672391;KAM - top 1000;Sim;GRUPO;https://chat.whatsapp.com/HlzrhZslJCZ6YVTSRDI71M?fbclid=PAZXh0bgNhZW0CMTEAAaeHCVvc7x51MYFXyqM5U8Vp142hYcrnX9m3TEYGypZ49CY9XKSMc1l0jIISvQ_aem_SWfxcvpL11OpZOE0WOljRg
1516990091;KAM - top 1000;Sim;GRUPO;https://chat.whatsapp.com/FJpxwCaPLyO6VJjgSQPRRo?mode=ac_t
358402522;KAM - top 1000;Sim;GRUPO;https://chat.whatsapp.com/CFYwI669SIOF6h8Dspgdfw?fbclid=PAZXh0bgNhZW0CMTEAAadfHkgIVRpL2XfLlMCPSsptBT0_idL8AwH8awbrXh6fjwwatyZoAdC7k3Vpag_aem_mCKPwDK3zqKPDGYMblGQMg
1490703847;KAM - top 1000;Sim;GRUPO;https://chat.whatsapp.com/FPXOx5VQyej1vQozBLve0H?mode=r_c&fbclid=PAZXh0bgNhZW0CMTEAAaerANDtOA9-09v80KsS86j8jZG3nr30IMesluunHwol1wDhWW7YHdPxWFH_sg_aem_YLvb9T5PjSTYQPFN52q8Vg
1444457359;KAM - top 1000;Sim;GRUPO;https://chat.whatsapp.com/FbKBDOYaZIWKupUmuw0nsQ
221861528;KAM - top 1000;Sim;GRUPO;https://chat.whatsapp.com/IMOcURMw4WtDUkLzbidJI8
742314482;KAM - top 1000;Sim;GRUPO;https://chat.whatsapp.com/FsvG2pXtqDX9QDfbWuaJUR?mode=wwt&fbclid=PAZXh0bgNhZW0CMTEAAaf7m7PUmfqKEkv93xlrvg8Qsw37w3HubItTgUP9LpDrfjd_hXnwTFvrlVQ-5w_aem_zsY6aAKg8GxvUz_AobOnlQ
186778702;KAM - top 1000;Sim;GRUPO;https://chat.whatsapp.com/L4LNpfPZUqH05ouyae0Yri
293720044;KAM - top 1000;Sim;GRUPO;https://chat.whatsapp.com/BsIXB2PTOCvEhVMHZ42dem?mode=ac_t&fbclid=PAZXh0bgNhZW0CMTEAAacYhnSjSfwOy2DiAeu_iqGww1AeliNigUWLJV91IfathCT-AO5Xrz67mmDNZw_aem_a1klxB5Fu30alRu2bFSHnQ
514386663;KAM - top 1000;Sim;GRUPO;https://chat.whatsapp.com/El2R6H8UEU90utKzg0M9eB
178031903;KAM - top 1000;Sim;GRUPO;https://chat.whatsapp.com/GXzxLoVvmxz0udKGWn1ENL
624101928;KAM - top 1000;Sim;GRUPO;https://chat.whatsapp.com/E1ys64DdebhHIJyvES7FhP?mode=ems_copy_t&fbclid=PAZXh0bgNhZW0CMTEAAaffFXq0hS4V6z8WcXIIrPPDum6Zp8jJHU9pypipbw04Y3VqYWnccqcXq6hSkA_aem_3uu-mmjHNH4dGz5qJ7eTXA
473343832;KAM - top 1000;Sim;GRUPO;https://chat.whatsapp.com/FA5zJX5z36t1R0PnGf8aPG
1528968155;KAM - top 1000;Sim;GRUPO;https://chat.whatsapp.com/FTJ92XraD0TDjljZFy7qAz?mode=ac_t
280333191;KAM - top 1000;Sim;GRUPO;https://chat.whatsapp.com/EUasLaQCNghLLTZeVohIb2
491946853;KAM - top 1000;Sim;GRUPO;https://chat.whatsapp.com/IEX4hvJtnfX3YLHRy8gpbO
685286566;KAM - top 1000;Sim;GRUPO;https://chat.whatsapp.com/KRlEAzC5E21JqQT9fzqru6?fbclid=PAZXh0bgNhZW0CMTEAAaeEeqceGq0Wl8M1WwCjrorcB40loFQ8_NsyhsxeR_kK5l2fh-rMFMBTOQ8H5Q_aem_Iog_0EKAELL9RBXjrkLWBQ
742328965;KAM - top 1000;Sim;GRUPO;https://chat.whatsapp.com/FSOKIotzhXeESsvKFAQCiA?fbclid=PAZXh0bgNhZW0CMTEAAafayNv6Q98oLq7T7mckPOe-0ZXby3578rGZkDd_GWtsZmFwr6mrfc-eu6xVbg_aem_pt7Uh-JpGkO4n57nLXvcfQ
166607266;KAM - top 1000;Sim;GRUPO;https://chat.whatsapp.com/LikseXVR6JA8NmMJ7eB5gc
27190734;MElIpro;Sim;GRUPO;https://chat.whatsapp.com/LTFq7RG0e08DH6c9i3TRuE?fbclid=PAZXh0bgNhZW0CMTEAAadVZH3NZpNyCeTJjE-Ahu_Y2-J2wfu_DZqgooKNlycsqYq1qX6en-bnuPOYYA_aem_DiFbo8Zr1ditiDbTeo6-sw
80016581;MElIpro;Sim;GRUPO;https://chat.whatsapp.com/GnRAjCdII8D9ySCr2UMUBQ
142704481;MElIpro;Sim;GRUPO;https://chat.whatsapp.com/JfArtqAk9VfD6b8ZOz4Qyc
303120592;MElIpro;Sim;GRUPO;https://chat.whatsapp.com/BehJuWtRQk30H2wXFFd9HU
375366165;MElIpro;Sim;GRUPO;https://chat.whatsapp.com/DaLYRjgWYRIKypTbQT0FVS?fbclid=PAZXh0bgNhZW0CMTEAAaf6ydk2xafcnYx5kWspQGGWQoW8udj1rh-hHHu0_UN26bKYazlt_oCrJNW1Rw_aem_POcZlhZOz76KfcKi8PHglw
799601634;MElIpro;Sim;GRUPO;https://chat.whatsapp.com/GcFEsEGhAywB0Bp1wtpfrH
1351369312;MElIpro;Sim;GRUPO;https://chat.whatsapp.com/C98f1fCpVK2B3QLwXYwACQ
1428326558;MElIpro;Sim;GRUPO;https://chat.whatsapp.com/BgdoWxdm0RWKZVQDrhVTk8
1457793802;MElIpro;Sim;GRUPO;https://chat.whatsapp.com/FQSjEe3qC804trDpyaG05h
1678670059;MElIpro;Sim;GRUPO;https://chat.whatsapp.com/FOVbpxIVd8bIgcQIwfSXJy
2015935202;MElIpro;Sim;GRUPO;https://chat.whatsapp.com/KUt7ZbJHpzrLYmx5466J0b
227193849;MElIpro;Sim;GRUPO;https://chat.whatsapp.com/K9xfwQ5iRbkKtQQYXUznbx?fbclid=PAZXh0bgNhZW0CMTEAAafd8oyvEyXDe-rOVaYX6mOKcQjIu7U7qqrZr3weZFOO7EHNNI1BvcifVDpPhg_aem_DDqgXG5t9V0WMi44-KkWLQ
152152704;MElIpro;Sim;GRUPO;https://chat.whatsapp.com/DtWnnVMH0nIC7TmX5085E2?mode=wwt&fbclid=PAZXh0bgNhZW0CMTEAc3J0YwZhcHBfaWQMMjU2MjgxMDQwNTU4CGNhbGxzaXRlAjE1AAGnfLe8dGkNy2ogUlGJVYN7Z-xW_vSNL1m4VpiedRBO2uUdsKyCCuBaCU2zwK8_aem_-UtiboE7I0Bi0Z70znyJjw
1495326565;MElIpro;Sim;GRUPO;https://chat.whatsapp.com/LS4ZZQNWUUVA81RB6MeNmA
150876148;MElIpro;Sim;GRUPO;https://chat.whatsapp.com/HmCxSREHfCYFUTP8DgvhRm?fbclid=PAZXh0bgNhZW0CMTEAAafLf-ytoVUnu0lQVs8IIN0wbinVIpYhyzrOm6aV47r9w5FvFgzcgJ5j3GGpLg_aem_qzPjEqnjugsIKvRzbe1poQ
228286832;MElIpro;Sim;GRUPO;https://chat.whatsapp.com/FdJv2P0HUQLGUXxtpngfea
49721139;MElIpro;Sim;GRUPO;https://chat.whatsapp.com/DK2ip7TlaZ882CBoBXCY7T?mode=ac_t&fbclid=PAZXh0bgNhZW0CMTEAAafCpU_oG-oc3tzqnWo4hBMChmGxaTEcDcLfCCYRHBUGIp4DmLMfBRrB89e10A_aem_d85notCe5Rz_8uMBIP21Zw
174150285;MElIpro;Sim;GRUPO;https://chat.whatsapp.com/FA0XF4KyDYUCuJWAHgIGZf
470068454;MElIpro;Sim;GRUPO;https://chat.whatsapp.com/H4dDwIxvVQuK2YHYLFeZbJ?mode=ems_copy_t&fbclid=PAZXh0bgNhZW0CMTEAAadsx9ZNoZsn-jt3ACSaV09lr4X6fkh7rn-tfqcdtcCogrGoY8veKwCxryhb-w_aem_CoNtpuss1AfiiJ3C7BHNWA
223453987;MElIpro;Sim;GRUPO;https://chat.whatsapp.com/HWQuXCvBxu45Amt7cWAML0?mode=r_t&fbclid=PAZXh0bgNhZW0CMTEAAadNonw1VrmnQLHBfvZWvByuRzC-BTbvqDYnQmvbkKWIUioLX1ao4Oy4dfKfVQ_aem_uX1ELtCV3PzFtLSCzDocZg
271356022;MElIpro;Sim;GRUPO;https://chat.whatsapp.com/F5owyoPYzL1HzUSlfMjtml
202376152;MElIpro;Sim;GRUPO;https://chat.whatsapp.com/I0v0WwVeEGe3kq7HlMmM70
203435695;MElIpro;Sim;GRUPO;https://chat.whatsapp.com/EYtuTeh2suiBZNyMflPNcr?mode=ac_t&fbclid=PAZXh0bgNhZW0CMTEAAaeBsA6ANd5K70rKtuDD_YzuGbz520CjVPh04V_aoU1uNlZl1EIExg0ODV1pjg_aem_KGAxKfaUbpHJQt8CUGqHXg
423827714;MElIpro;Sim;GRUPO;https://chat.whatsapp.com/JRsewVssOZsKY1OvdyAf3s
197237293;MElIpro;Sim;GRUPO;https://chat.whatsapp.com/JOOJgwST7fPH2JvVUNGXEt
178198408;MElIpro;Sim;GRUPO;https://chat.whatsapp.com/CNEd04mJLJLH90hVk8p8lS
159272833;MElIpro;Sim;GRUPO;https://chat.whatsapp.com/HPx22Avdn9T60z73dAHQS4?mode=ems_copy_c&fbclid=PAZXh0bgNhZW0CMTEAAad7Bn3hJV6Qtdl36NCiHeQdPQJm3Oo_Q1weiEHdSsqNqVrpvbXXmAamzxc9Ow_aem_LSNmNfW6mXuMVxLvkj6t8g
255011578;MElIpro;Sim;GRUPO;https://chat.whatsapp.com/E2kXOI6n4P8C7mzbLoqukI
382848365;MElIpro;Sim;GRUPO;https://chat.whatsapp.com/ISzxMEo4sZmLeoFtICYcS7
455839818;MElIpro;Sim;GRUPO;https://chat.whatsapp.com/BHtMiuht6D8JQElKtG0kCk
764038065;MElIpro;Sim;GRUPO;https://chat.whatsapp.com/JV86a7ozjh4DBDWXgED21z?fbclid=PAZXh0bgNhZW0CMTEAAaeS-TEbhkjmg2--yHvwcWeZc_K2RXt7w_Fthq2cuX5gfk9vYdezcPNN40Qn4w_aem_CvrUaIHzUQ7Ca9CIUxF2QA
115429420;MElIpro;Sim;GRUPO;https://chat.whatsapp.com/IfyC3HjCdQS1Or9X1aB81O
420307218;MElIpro;Sim;GRUPO;https://chat.whatsapp.com/CmQVtmZUSiSG0Ifqe65mmB?fbclid=PAZXh0bgNhZW0CMTEAAadjEboFPAd0-qwJiW2WhjI8U221mVF7vpvp--XmHahuzrFZ946ThYW7tjojAA_aem_-MLkd3FMQUpsphAQhz5kiA
127073909;MElIpro;Sim;GRUPO;https://chat.whatsapp.com/DLUKao1JGH9CB4bKtsSUSt?fbclid=PAZXh0bgNhZW0CMTEAAafC9BQNM8PzlpzFSodwo_X-WaiSOWevuk1-Tz1GFRiXx3oGIPopqOYyhUTmiA_aem_0jw-o07MjClCKqv6Tvk3sQ
226046758;KAM - top 1000;Sim;GRUPO;https://chat.whatsapp.com/JMfX31vfU1BBh6cf7R0Uqo
481509072;KAM - top 1000;Sim;GRUPO;https://chat.whatsapp.com/Hjr3f7J3jCB5dxUy4DqPpl?mode=wwc
1439663675;KAM - top 1000;Sim;GRUPO;https://chat.whatsapp.com/G02RqQeQqpnB0xWgdQFvWA?mode=wwt&fbclid=PAZXh0bgNhZW0CMTEAAacSQHVJ7LbEUect-pcX_E_orowg_Itnw8INDDtNhQ62l21ftvsCB-Mti-QePA_aem_1kabZsyotTOB5r4VKJ9cyQ
1439663675;KAM - top 1000;Sim;GRUPO;https://chat.whatsapp.com/JHaDGhmuVTZEMATgfbh2xB?mode=wwc&fbclid=PAZXh0bgNhZW0CMTEAAadmS8xsa-VOPhmuXHaigTDrGvOHG4p6nCmA2Jy4GJAiVXoE8v1lPh4N5OkNgg_aem_29ZxK9qUXTg-cP8AGYuZAw
214152484;KAM - top 1000;Sim;GRUPO;https://chat.whatsapp.com/CeOajup9Rsh26ROElCeer0?fbclid=PAZXh0bgNhZW0CMTEAAaenBo5VqOk-Xh8h7d4AvpzHnMFd2BqFjMcPFEkfxtx4C7ctQ9PUaNKOEKRw9Q_aem_3fJQuohk15fPVEHuNjBTSA
676651691;KAM - top 1000;Sim;GRUPO;https://chat.whatsapp.com/LOK7ys7CuZKAiBBuon1drt?mode=wwt&fbclid=PAZXh0bgNhZW0CMTEAAafuf3L3ZqWFJaFn2q6Cr0y8tauqiewpKn2Ew1LYql1orhhiog7KXYIzmzC6zg_aem_FR7-ZL8jX8YeWgbTAH9yRg
127894622;MElIpro;Sim;GRUPO;https://chat.whatsapp.com/ClLaq2pbQHV8N3RmjEIad2?fbclid=PAZXh0bgNhZW0CMTEAAadpRONGlxZ9CtaA89_ApWBqdHUnj1vq7YJ4dNW5XQ88aTpPKN0RmaXpUxN4Lg_aem_ztXXPKUpzfpSOmoxdOw8KQ
695303632;MElIpro;Sim;GRUPO;https://chat.whatsapp.com/D5OdEreGcV30WhGShSqJOW?fbclid=PAZXh0bgNhZW0CMTEAAacvaAj8yuh04D4lQAsSHAfsASl4Ftm0Sq04E_yq-zodh1MxGjtDS8zfsEDFsg_aem_1kmj9nkK5CiJZ9i8_E27cw 
1708497699;MElIpro;Sim;GRUPO;https://chat.whatsapp.com/CMVGchoOo6M2zQvyEOVDTB 
1988790379;MElIpro;Sim;GRUPO;https://chat.whatsapp.com/CkBNImXVV4iFqvvYV7K0q7 
2611596372;MElIpro;Sim;GRUPO;https://chat.whatsapp.com/HzhyWCR4nNYGtuJaKaPgCJ?mode=ems_copy_t&fbclid=PAZXh0bgNhZW0CMTEAAac6aaoR_1jW34QAY5WwplFioqheYLC4i48w6ayHIR94BJZNFqpzjNRejox_oQ_aem_nwxXwRt3AJcmrnDXi5j8QA 
531618401;MElIpro;Sim;GRUPO;https://chat.whatsapp.com/LTDLmVuZQio5EqHddhRasL?mode=wwc 
651524151;MElIpro;Sim;GRUPO;https://chat.whatsapp.com/H6A72Otw8H0BPrlTfys8II 
255589674;MElIpro;Sim;GRUPO;https://chat.whatsapp.com/DZd3F34NqlOBrOG22YiB1F?fbclid=PAZXh0bgNhZW0CMTEAAafCeMVDTlArPVKftbd_AnpIUkNDuLR1FhiB1E7st3b4QF0D2wZktyNtJT_XxA_aem_XFKounzmmzUJR56ZH9ztbg 
1038382483;MElIpro;Sim;GRUPO;https://chat.whatsapp.com/FStwKecXsnR4qIlu1U1SeO?fbclid=PAZXh0bgNhZW0CMTEAAac9GzFPGsn83mk25M9YlmVWZNO1xtCllAfzEbwlEq-2_sGfzw-a8h2x-Fq9Qw_aem_goHhO5Y6INiqHkjtKnAtEQ 
1590205193;MElIpro;Sim;GRUPO;https://chat.whatsapp.com/HuIBzBxXsBnJaGDh4tJy2y 
173037793;MElIpro;Sim;GRUPO;https://chat.whatsapp.com/JJShzxTq1MAIxdMZLDnvDz?fbclid=PAZXh0bgNhZW0CMTEAAadN4T3xyzziKQMV8dWsx2w26DL9TFQrjE4WwgBT2AErRP1FtG1b5Z46rAzWKA_aem_GNU4GdNBlBCWVS_u0acX7w 
1585403964;MElIpro;Sim;GRUPO;https://chat.whatsapp.com/CHH2fXV2i2n1Yx3kfKMwYc 
1585403964;MElIpro;Sim;GRUPO;https://chat.whatsapp.com/EIAplurq7I2A0nd4ZcqWNj
1184554804;MElIpro;Sim;GRUPO;https://chat.whatsapp.com/DXLcCBjXRv4D73Jib8kmN1?mode=ac_t&fbclid=PAZXh0bgNhZW0CMTEAAae5b72rABlFt3dvXHiRYnRW-iCSMBElRW1uOXZqmlfoyyjRUbdf3YcyQUE9-g_aem_7B8LPmybyA0tDgFjJd2EYA 
1777894146;MElIpro;Sim;GRUPO;https://chat.whatsapp.com/DaZMY91iXS6GasYSOTdDPy?fbclid=PAZXh0bgNhZW0CMTEAAaeLeoriPn0-0hbf3vcOssOCzNO1IcCYo4f_NPmnqCZLEQv1FhPGCWIg7y5dFA_aem_7rvBQ3Az3QZWIh9BEc9Kcg 
1550052320;KAM - top 1000;Sim;GRUPO;https://chat.whatsapp.com/K41Nfk48Mid9cAN7OA1V3K
5399188;KAM - top 1000;Sim;GRUPO;https://chat.whatsapp.com/FzoBRhQjSBR8qAaYXWbBWx
155523724;KAM - top 1000;Sim;GRUPO;https://chat.whatsapp.com/BQ7tcRk6loB7roRQgF9SVZ?mode=ems_copy_t&fbclid=PAZXh0bgNhZW0CMTEAAafjiqu7Cv2zhN3eADBwm22E0zIENha0cIp63tUtukYmP-Y4TOQKT24WsQN94A_aem_5J7hytlCCJi1WJyGcIuO1w
1587747906;KAM - top 1000;Sim;GRUPO;https://chat.whatsapp.com/LLg4yElJWJB1oW5S6dU84l?mode=wwc&fbclid=PAZXh0bgNhZW0CMTEAAaeFe1q7BZHrcru9DCDJEcXMbay0g36UeJzbRySYgqropyztU-GUNSZSe7w_Uw_aem_IgnsdQI5kA6JcKQmfYTEuA
79019768;KAM - top 1000;Sim;GRUPO;https://chat.whatsapp.com/CMPA3hBbXmSBg7aEoHcdAc
1029902351;KAM - top 1000;Sim;GRUPO;https://chat.whatsapp.com/KD3HqqR0Kz6EHM6tSuTrLx
1029902351;KAM - top 1000;Sim;GRUPO;https://chat.whatsapp.com/EsUGVz7d3HE8VRSuxVeIf4
1029902351;KAM - top 1000;Sim;GRUPO;https://chat.whatsapp.com/LVjBT22V8ZQ8WAjejQItnK
1029902351;KAM - top 1000;Sim;GRUPO;https://chat.whatsapp.com/Cg9WQ9seejyL0J09xDad30
122211558;MElIpro;Sim;GRUPO;https://chat.whatsapp.com/Kj0kGQjHgu534xo3LPnCXd
136382088;MElIpro;Sim;GRUPO;https://chat.whatsapp.com/H9dxNyPzbWSLGTqbp2ov2A
699370117;MElIpro;Sim;GRUPO;https://chat.whatsapp.com/K6DAzAvNur4IabDyHeb2Y3?mode=ems_copy_t&fbclid=PAZXh0bgNhZW0CMTEAAacToXVWdlXegf-9uNBLuKK3RyUvY57YE47UVMht5jf6djL4-hogWGMtjeF_uQ_aem_6YlLmsP4JR_GGkadUzr48w
1063208859;MElIpro;Sim;GRUPO;https://chat.whatsapp.com/HUIQoCtX7af4mhEE7bEIhw
1676657192;MElIpro;Sim;GRUPO;https://chat.whatsapp.com/HByXpAYMbzP8TkQrfp5PTS?fbclid=PAZXh0bgNhZW0CMTEAAaf04i_YzjO1AXgzF_Qa8GvlhsJmzQnpKooeQ9LyacXUSWELmkTXefzdWomwHQ_aem_rYZWDI3F3TPOl6lHF36T0A
1786835301;MElIpro;Sim;GRUPO;https://chat.whatsapp.com/JwliHvFksEiDSmhElwqP5W?fbclid=PAZXh0bgNhZW0CMTEAAafS_pd94XLQMEqz1A-RtP2JHpVCsiAe58gZM7z73GqqhSYGlyLf1HYdDqoPBg_aem_SpS-jbVCzvnaKimUggqPbg
2051821320;MElIpro;Sim;GRUPO;https://chat.whatsapp.com/FEP0VTDFUr87bIxhQHMzUn?fbclid=PAZXh0bgNhZW0CMTEAAaf7bYAwNViwC3TG62hMaTrB9y2K6GGA7DcP6dRjB9txO2GXdWFe_9CCuYVhyQ_aem_GFG7lQrmjTNltt9FTynGeQ
2592935944;MElIpro;Sim;GRUPO;https://chat.whatsapp.com/IHoI86Hr37ZLLJDccekBPy?lt_utm_source=lt_admin_share_link
183279834;MElIpro;Sim;GRUPO;https://chat.whatsapp.com/D87xKk8Kqgk0bMxSpKtcCB?fbclid=PAZXh0bgNhZW0CMTEAAafCgsBXCvw3_uuunm_oQftQs2WvBpncw_FOhdrkauYSbewZhRnN42ZUNG2nAQ_aem_QJwoi610E0r9FVqY4GOVAw
203572971;MElIpro;Sim;GRUPO;https://chat.whatsapp.com/Eof5Zg0DLAsGzmdwnAYjfQ
621237108;MElIpro;Sim;GRUPO;https://chat.whatsapp.com/DgKPbjSmzlw1Q3nd7MOgj7
33691178;MElIpro;Sim;GRUPO;https://chat.whatsapp.com/JPHe7LUEuKzBKZODcnOdRU?mode=ems_copy_t&fbclid=PAZXh0bgNhZW0CMTEAAae7z7JGoOFdjCMf3pnONTCvhU5v9YZ-W0iFeCBz2G3BgYD42V-QlQO7599BiQ_aem_RTPIL0BXvZG0DekFj8doJw
449187698;MElIpro;Sim;GRUPO;https://chat.whatsapp.com/LTaXWLWho2w8JKi4kU4dcH
201818186;MElIpro;Sim;GRUPO;https://chat.whatsapp.com/CFXGKZ7hQ8N65WmG6W1lje?fbclid=PAZXh0bgNhZW0CMTEAAadfOK-hb31L9LLKoIDDDVEmY5YTfJF929lB4Z91Nz53L40nZ9EiowwC6mvOVA_aem_VBb80IbCwQmsZ-XgKnA_CA
174783683;MElIpro;Sim;GRUPO;https://chat.whatsapp.com/DQn0EzyBE9n8BMESLnS16C?fbclid=PAZXh0bgNhZW0CMTEAAae6uKJlgFm51ylYqAXvseH0DYJ4inrkZpUKPmd6l66MPGhj1phTS5LTMEVgjw_aem_xL8We9JutY_z9vaPO6X4pQ
1457459939;MElIpro;Sim;GRUPO;https://chat.whatsapp.com/LBltd96f3U06b6YeoROqJc
2531061357;MElIpro;Sim;GRUPO;https://chat.whatsapp.com/HeJj2WYIZzuIuXVaVilqRk
1438028665;MElIpro;Sim;GRUPO;https://chat.whatsapp.com/IWD8VXHZYI5LBk2e0PCHVX
455002960;MElIpro;Sim;GRUPO;https://chat.whatsapp.com/Lvn9OQSNfVcF8i8YYtH83z?mode=wwt&fbclid=PAZXh0bgNhZW0CMTEAc3J0YwZhcHBfaWQMMjU2MjgxMDQwNTU4CGNhbGxzaXRlAjE1AAGn_7-hvX-bDEZRlQkAkGpnMKybCElbniU3MzyTxW7k97IQvoQby3guNVOaMVA_aem_rn-MrWfbhBO1B6-yuOX_3A
186556232;MElIpro;Sim;GRUPO;https://chat.whatsapp.com/K7Kd6lds1Rz376wzK9jf53?mode=ems_copy_c
119053125;MElIpro;Sim;GRUPO;https://chat.whatsapp.com/I3ccW9jKW7F8Wjf4erKWWV?fbclid=PAZXh0bgNhZW0CMTEAAafeSdsthS9AWb-CqVptkEwzE8cm9yWrS-vqWzcAxp4o744lwwaWsGobkxnEbw_aem_PI3S6Yuym3aRiqkf1HhBsw
1838483881;MElIpro;Sim;GRUPO;https://chat.whatsapp.com/DKl1AhprFx3AEkkiP854py?fbclid=PAZXh0bgNhZW0CMTEAAae-XUcAHpnUp5EOodk_tioetc7CT1ZUyJPlq3j7EGtF8suRYRsHULuaZyIUeA_aem_htRhTGn7imbWlC91dBJi-A
361899717;MElIpro;Sim;GRUPO;https://chat.whatsapp.com/Di2M5HFd6uj7eh7q8CXj96?mode=ems_copy_c&fbclid=PAZXh0bgNhZW0CMTEAAaeIr_zn_ycwWsN_KzAqnV8wg00ZS4LJi5SmSiVNnL8Cg-q_ea50Z5kcQMxWuA_aem_kXHVRyDHFfo1hPer1vpiHw
313555253;MElIpro;Sim;GRUPO;https://chat.whatsapp.com/EbaIS6f8kaKGtHoN8cerq0?fbclid=PAZXh0bgNhZW0CMTEAAafAaORm4GvrSFwuOhITojs1zcxrKqz7Vl_hIM94MC2ivZAOHKe-n75Pj2JgSQ_aem_x3RReMsT-4o5V0OL85ZRww
295506853;MElIpro;Sim;GRUPO;https://chat.whatsapp.com/LhbOvZPCBRW87WMZpqEndy
1512186857;MElIpro;Sim;GRUPO;https://chat.whatsapp.com/Lwj77WPLRUR6DaBKjCxino
224832674;MElIpro;Sim;GRUPO;https://chat.whatsapp.com/D1jHcv2JQHrL7piQ7gNF5q
601159975;MElIpro;Sim;GRUPO;https://chat.whatsapp.com/EVHrvfODHevIK6nAqfe6JL
732472905;MElIpro;Sim;GRUPO;https://chat.whatsapp.com/D23i3Aocfky8tC8oAxxUn3?mode=r_c
1842769625;MElIpro;Sim;GRUPO;https://chat.whatsapp.com/IftRu5fS2jK436z1a6yOQX
279034933;MElIpro;Sim;GRUPO;https://chat.whatsapp.com/CkBNImXVV4iFqvvYV7K0q7
431214959;MElIpro;Sim;GRUPO;https://chat.whatsapp.com/LkHeO0BnrHgB2TBJeQFHkd?fbclid=PAZXh0bgNhZW0CMTEAAaehzdN953FcdpJ-ZNL-MOg3xpsrgq9xtqvWBO9cGfDhsRVO52qC5NdCiQszmg_aem_f4cD466438-n9P1wfxTNMA
91941491;MElIpro;Sim;GRUPO;https://chat.whatsapp.com/BDfTy6zh8OsGCN4zWOfSzW?mode=r_c&fbclid=PAZXh0bgNhZW0CMTEAAae__io0myNa_OV_CUljrT9hxwIviD5wpS9Nj4Sgx_c5QNaTOh2e9W5pNGKEmA_aem_NOvHeazHETXU33ivgKNZcw
1712443665;MElIpro;Sim;GRUPO;https://chat.whatsapp.com/Jal8oRLgqLEJDxolTBLltW
1884853456;MElIpro;Sim;GRUPO;https://chat.whatsapp.com/BwDGi4Xodd12JlOCMxAnpu?mode=ac_t
2336669810;MElIpro;Sim;GRUPO;https://chat.whatsapp.com/JwliHvFksEiDSmhElwqP5W?fbclid=PAZXh0bgNhZW0CMTEAAafqpp_r3Cif4jSoPZrk-5hY4MHTDRKUfprhGT-_K1LljnA9AoIPcl3Ldxj6Ug_aem_6z5ceERhht5CslhW8dIF1Q
450512131;KAM - top 1000;Sim;GRUPO;https://chat.whatsapp.com/HHGjJ39EGjP1E3Xvcyo287
284855023;KAM - top 1000;Sim;GRUPO;https://chat.whatsapp.com/CbIau6c3CA7C0LMxobWHXA
511670989;KAM - top 1000;Sim;GRUPO;https://chat.whatsapp.com/JT8aIzL4HNQD8N9899WpqW?mode=r_t&fbclid=PAZXh0bgNhZW0CMTEAAad5mCbSUZl3HYU_5cwgqwQdZn16ow_DUCQYkMnZ8dZVm0KcFVI54OOvTSsLeA_aem_jsGqLssFi0ptvXBVFCejCw
325501300;MElIpro;Sim;GRUPO;https://chat.whatsapp.com/FlfVPkFf2uAFzudRwd7gAf
288063877;KAM - top 1000;Sim;GRUPO;https://chat.whatsapp.com/FYshNVla9hcBWbSoIwfGm3
2418855877;KAM - top 1000;Sim;GRUPO;https://chat.whatsapp.com/LCUCTJLImyO3KzBKfRVZoc
132598358;KAM - top 1000;Sim;GRUPO;https://chat.whatsapp.com/HD3hBHCntvUCYL109WfhJH
229491441;KAM - top 1000;Sim;GRUPO;https://chat.whatsapp.com/BT7Z2GIyRfq100xBXrb7Dc?mode=ac_c&fbclid=PAZXh0bgNhZW0CMTEAAacVKS0RTVh1vL68sXO9-Cc6cX16yY3coG9lClLRNoyDAjZdlSZYm4MDSUapMg_aem_77Lpb6bZ1EYK2OKlgnnYRA
231841011;KAM - top 1000;Sim;GRUPO;https://chat.whatsapp.com/GMlz11599YTLP3ui9VWgXn?mode=ac_c
1167640603;KAM - top 1000;Sim;GRUPO;https://chat.whatsapp.com/LKNq5b7IVGL0B89W4fKuLF?mode=ems_copy_t
1890922253;KAM - top 1000;Sim;GRUPO;https://chat.whatsapp.com/JAv9DaNWBSLA25LqoC9YI3?mode=wwt
1377978276;KAM - top 1000;Sim;GRUPO;https://chat.whatsapp.com/Ks3048s1gRjGzqfnbOmRKs
512970471;KAM - top 1000;Sim;GRUPO;https://chat.whatsapp.com/D6vTMhtpTji4R4oJ1oBcB2
1446956733;KAM - top 1000;Sim;GRUPO;https://chat.whatsapp.com/DSeLEmy3Ccg2cQIQu0PZIg
269721398;KAM - top 1000;Sim;GRUPO;https://chat.whatsapp.com/FKCP03nC7DLKYr1sonRws9
1433463620;KAM - top 1000;Sim;GRUPO;https://chat.whatsapp.com/Kda7wlfxzOj08vWSm42jip
269337304;KAM - top 1000;Sim;GRUPO;https://chat.whatsapp.com/HiAZjhqm6DQFLfIkcwhqru
1954038151;KAM - top 1000;Sim;GRUPO;https://chat.whatsapp.com/GUgEwbuk86aJDdyJfLsSQ3
136554975;KAM - top 1000;Sim;GRUPO;https://chat.whatsapp.com/CCbeOEcw45ZIS7Du8dZchQ
5160092;KAM - top 1000;Sim;GRUPO;https://chat.whatsapp.com/K0Qvrw74bqdAi0FysJANr5?fbclid=PAZXh0bgNhZW0CMTEAAadTzPHs-UCqEfxaXrjSFbyF7rO5j1w9q5QyAPrpV7RX82CRIk4ea0BTNNbg4A_aem_shDqRg-bVPp7dQdv1KmijQ
1465247461;KAM - top 1000;Sim;GRUPO;https://chat.whatsapp.com/HXoaeZGoCA1Bdp7Gs4VIkq
205028015;KAM - top 1000;Sim;GRUPO;https://chat.whatsapp.com/Fspc3uykwrOKs5wDwPvsSW
1381583566;KAM - top 1000;Sim;GRUPO;https://chat.whatsapp.com/DXBvkZJkQLdBQpxymvWKSG
83966270;KAM - top 1000;Sim;GRUPO;https://chat.whatsapp.com/JD7FxqCc7lC71BZ6PgsuTy
73418100;KAM - top 1000;Sim;GRUPO;https://chat.whatsapp.com/BDO3Mirgc7xFReDJ9QxZ82
408274567;KAM - top 1000;Sim;GRUPO;https://chat.whatsapp.com/Db4BoPO9UqOKZkIx59xKiT?fbclid=PAZXh0bgNhZW0CMTEAAacXAsUaz1cyBlxuWLc9fZwsfkiJsenTyr88j5hFKyHok0eeIW6c3eZQU_g9zQ_aem_Dmy4nL0HwtdvuO4boZzsDQ
1756402797;KAM - top 1000;Sim;GRUPO;https://chat.whatsapp.com/HEi2otzaI1E8NVJDxyFBNo?mode=ems_copy_t
2009130689;KAM - top 1000;Sim;GRUPO;https://chat.whatsapp.com/GRFJfs23lgYBEmRSmbRyzl?mode=ems_copy_t
448250295;KAM - top 1000;Sim;GRUPO;https://chat.whatsapp.com/GbdkHTyBqRm9zeMfi4sqfB
241322914;KAM - top 1000;Sim;GRUPO;https://chat.whatsapp.com/HkZ6ShSsbeg1gQ2JBPo9Vs?fbclid=PAZXh0bgNhZW0CMTEAAaf9MTtDTajtcKqfeXh4kRc33Me85ugZLxZrmV-4w1mxRdti5aZXx3G9yQNOsw_aem_CjJmyhj6IpZRdi-wAtd8-g
167259214;KAM - top 1000;Sim;GRUPO;https://chat.whatsapp.com/GotYoYy1r6zAJ8YYtk82qe?mode=ac_t&fbclid=PAZXh0bgNhZW0CMTEAAadMWMagcqJdIYmZJSZ4R8GFjSVIPidZOKegyRWCrH6fm-LAmUjxYNzdfGsgNg_aem_6Rd6CcTSu1qnnloj1lOpOA
530861291;KAM - top 1000;Sim;GRUPO;https://chat.whatsapp.com/EzsDwzVMrKiHt0xXqPPoRJ
1217794331;KAM - top 1000;Sim;GRUPO;https://chat.whatsapp.com/Chcg5YTJDdRIgDNycwYBx0
2200130866;KAM - top 1000;Sim;GRUPO;https://chat.whatsapp.com/Lqua75hMObP5wXwKCyiq7o
183440224;KAM - top 1000;Sim;GRUPO;https://chat.whatsapp.com/L1sC7x9NRND6v2T4IVXowY
238471146;KAM - top 1000;Sim;GRUPO;https://chat.whatsapp.com/KNKw7EZNadrK0rFxvYnO0u
141495725;KAM - top 1000;Sim;GRUPO;https://chat.whatsapp.com/3GnbahT2kj07ibWPPnar6t
49674458;KAM - top 1000;Sim;GRUPO;https://chat.whatsapp.com/D5Si0eBiQZj9DZaRSJDgrA
1453199461;KAM - top 1000;Sim;GRUPO;https://chat.whatsapp.com/KTzHdnCLZkzAFYgqWaSqFn?fbclid=PAZXh0bgNhZW0CMTEAAacYYtqHsmlP-VN5s_k_v0SXlW8v19O79nXlRjQb5QJICnPvjp-HYWL2PvQidA_aem_bhK-IKlLNpW0_SSFN6WpAw
211158953;KAM - top 1000;Sim;GRUPO;https://chat.whatsapp.com/HQHx4Tr5C3M1kEKkgzsVxC?mode=ems_copy_t&fbclid=PAZXh0bgNhZW0CMTEAAacpe4HfJwoTXcFCXXHX2GpWSyGNtz7YH_lLwX1zs25qmeILYdSeuMvHWRpRxQ_aem_hq1hMcGK9YB82zPFAupThw
53501280;KAM - top 1000;Sim;GRUPO;https://chat.whatsapp.com/3AojlMVOnTx5aanIu9xATd
1690741909;KAM - top 1000;Sim;GRUPO;https://chat.whatsapp.com/FPAfltA8alqBFThYVQZV2o
1430584463;KAM - top 1000;Sim;GRUPO;https://chat.whatsapp.com/LPpRGK4WvR81psNepIOaUu?mode=r_c&fbclid=PAZXh0bgNhZW0CMTEAAaesKYh7TggEYAVosoKGdc9BIvw94GNAYwg7sRcKAbskAEbN9aRvidpeZL2DFQ_aem_dCP_062_l1exXQxFLlvDCw
1034365332;KAM - top 1000;Sim;GRUPO;https://chat.whatsapp.com/Ja8pGApMAuL5wQKhC2isyI?mode=wwt&fbclid=PAZXh0bgNhZW0CMTEAAaf4zFg2e2kuAv3bbWCDbtj0FGOh4LHPp-ZieGis6-VfPYZzseeRy1rTXMP44w_aem_2CyEZQVSdL33KNgPj8KUsw
470806864;KAM - top 1000;Sim;GRUPO;https://chat.whatsapp.com/ED3SWc4c1ZT2oeACRALSiI?fbclid=PAZXh0bgNhZW0CMTEAAadYUujDSi-fDWl6u9ooOCnZFX8wkV_ZT9uZW8WyHrud-Tx_C2WBQxIefWv4yw_aem_CF9ezvNK1O2X6PKuhvj8oQ
151885557;KAM - top 1000;Sim;GRUPO;https://chat.whatsapp.com/JEXULayLCWkIqh89sJX4Cj?mode=ems_copy_t&fbclid=PAZXh0bgNhZW0CMTEAAadltqLlBBGH8ZOTU0aFrpTWiGOlKgxakToaDNYVS_OAqUeRgStOikHzM9dibg_aem_RBcpXOFzg8l2iejwp9rfMQ
337920322;KAM - top 1000;Sim;GRUPO;https://chat.whatsapp.com/BSrW73sUxmf7P0k94JjGJR
1447393059;KAM - top 1000;Sim;GRUPO;https://chat.whatsapp.com/IztSV778zEV1Km200kyq3M?mode=ems_copy_t
526807890;KAM - top 1000;Sim;GRUPO;https://chat.whatsapp.com/LPyuTee5x46DumQfzur4BB
287197163;KAM - top 1000;Sim;GRUPO;https://chat.whatsapp.com/EFKnGyxcmb43wn8JP4oK3k?utm_medium=social&utm_source=heylink.me
324279904;KAM - top 1000;Sim;GRUPO;https://chat.whatsapp.com/GrIZPFtopk17fKB4ZufzKz?mode=wwt
287029678;KAM - top 1000;Sim;GRUPO;https://chat.whatsapp.com/JR9FChkNN4m90N5qGyDFzV?fbclid=PAZXh0bgNhZW0CMTEAAaeVyFZGtGjGNb7E2ysOykp5YDrX2D9_0qvrh8ScCdjk50uBVkJgTie7G5JEPw_aem_KdvwTMiVpojhRSX4sOUqGg
283174736;KAM - top 1000;Sim;GRUPO;https://chat.whatsapp.com/K310kjNbwASEDJ91U8X5Bm?mode=wwc&fbclid=PAZXh0bgNhZW0CMTEAAac9JFVgervJTQFvCkEms2VpM58SnT0hTf-NerD4rNAaFoOJPRWRMvQcqJ80oA_aem_mMQHuj-5Ov9z-FNmSOhd8A
757367286;KAM - top 1000;Sim;GRUPO;https://chat.whatsapp.com/KWch5ygbtG9EDgotXCZ6w6?mode=wwt
183117136;KAM - top 1000;Sim;GRUPO;https://chat.whatsapp.com/L2jFzuhDn6KFSJC9LcQcuU
99920305;KAM - top 1000;Sim;GRUPO;https://chat.whatsapp.com/Bilt1HIkKufE4zmWKdAh0m
190304867;KAM - top 1000;Sim;GRUPO;https://chat.whatsapp.com/IiRsOuBEKu20Ad55TK6oQo
173167047;KAM - top 1000;Sim;GRUPO;https://chat.whatsapp.com/HZyuiMiv4uQ2FO3LsGhUGJ
297607087;KAM - top 1000;Sim;GRUPO;https://chat.whatsapp.com/G8aOJ9GsgtgK0FHC9PHWOJ?fbclid=PAZXh0bgNhZW0CMTEAAacI4MN8e_BfLrOomUzfDK29iJ6dd_Ab-Nm7XKbX0ev2Y9thCvVPf8gTkluGHQ_aem_lNWiofynB7OUCWcClguV-g
47897711;KAM - top 1000;Sim;GRUPO;https://chat.whatsapp.com/DiaQsENFguqJvobfT8ohim
30107921;KAM - top 1000;Sim;GRUPO;https://chat.whatsapp.com/CFPqGJMJy8J7Zrt1GCkhCF
277875863;KAM - top 1000;Sim;GRUPO;https://chat.whatsapp.com/CTjtI84fLp2Kio1vl9qPSQ
169808445;KAM - top 1000;Sim;GRUPO;https://chat.whatsapp.com/KLZdjjmDJarKOMcowCcajh
163733884;KAM - top 1000;Sim;GRUPO;https://chat.whatsapp.com/CxuUhB4Rw2KC7MWHnm8cBo
791280925;MElIpro;Sim;GRUPO;https://chat.whatsapp.com/F9GyGsPoOV6IwaSgnwmnCQ
1207675246;KAM - ouro;Sim;GRUPO;https://chat.whatsapp.com/DYL3yM8t1Qx5ZIRJR3PUh7?mode=ems_copy_t
547239300;KAM - ouro;Sim;GRUPO;https://chat.whatsapp.com/JG3b8ccRQQtHsNnIwRcvE1
76331531;KAM - ouro;Sim;GRUPO;https://chat.whatsapp.com/LRjdSDkp9jd6OOLSCwY5Qm 
1231576803;KAM - ouro;Sim;GRUPO;https://chat.whatsapp.com/JWySm0bg2QjDJwYKymBRAr?mode=wwt
268850426;KAM - ouro;Sim;GRUPO;https://chat.whatsapp.com/LBrUk2OL2cH52HShiCpSMT?mode=wwt
268850426;KAM - ouro;Sim;GRUPO;https://chat.whatsapp.com/EtM3xhWp5wcFuqkVNdLOL1?mode=ac_t&fbclid=PAZXh0bgNhZW0CMTEAAcvKmLCoRYh1JrXVQa4GIsd0EnkbBnFBQ4AcdQWmNVlGTiH5r-fPAM9WgGJDw_aem_9ZENO9O-OpjiO-ebHt4fdA
1427776750;KAM - ouro;Sim;GRUPO;https://chat.whatsapp.com/Emt0w0plgENDLn6u79XVVF
1161200505;KAM - ouro;Sim;GRUPO;https://chat.whatsapp.com/DAVIG7o9Jx3Hnz9ti8Napi
1185718745;KAM - ouro;Sim;GRUPO;https://chat.whatsapp.com/GihdFjfYUQWLBz1e9Qa4i9
1365706499;KAM - ouro;Sim;GRUPO;https://chat.whatsapp.com/F9jd4FBhjQ0CYCk11XvIyg
1365706499;KAM - ouro;Sim;GRUPO;https://chat.whatsapp.com/CCMPqq6I2YVJeTZSkyX6RJ 
1365706499;KAM - ouro;Sim;GRUPO;https://chat.whatsapp.com/K6h8AUFY48X6r3bSRuN41P 
1365706499;KAM - ouro;Sim;GRUPO;https://chat.whatsapp.com/GOV8P4YrmjZ3nlehN5jDBZ
379432988;KAM - top 1000;Sim;GRUPO;https://chat.whatsapp.com/LiJjq9uEt07Hf6EXIc4LQp
379432988;KAM - top 1000;Sim;GRUPO;http://chat.whatsapp.com/FuRrPRMeses2RqaTpBagwf
1251879558;KAM - ouro;Sim;GRUPO;https://chat.whatsapp.com/J5kJyOeNUjnAOla4kweuk4
678610452;KAM - ouro;Sim;GRUPO;https://chat.whatsapp.com/HZwM8xn312XFXh711EG8iQ
1342941619;KAM - top 1000;Sim;GRUPO;https://chat.whatsapp.com/JQwNi3BDg6cK3R3qIGxL0n?mode=wwc
1451916544;KAM - ouro;Sim;GRUPO;https://chat.whatsapp.com/JQvT3vKC2vj0CscIGMwjAG?mode=wwt
202884905;KAM - top 1000;Sim;GRUPO;https://chat.whatsapp.com/GcedDTYaqmWDRC2xsHRuS8
4621837;KAM - top 1000;Sim;GRUPO;https://chat.whatsapp.com/D3gyYuH0Y0q82aNWRXdQ6i?fbclid=PAZXh0bgNhZW0CMTEAAafgUvBBwrIwwfWkvYGXtxUtr1emnN2cGgzICAHFmbInCGw7Xd9yjbRQicb7oQ_aem_62gMHOWgd9dyDnLQ1MWFaw
618183409;KAM - top 1000;Sim;GRUPO;https://chat.whatsapp.com/HDdvGKcFRlQAUQmAf3zwP7
1282155962;KAM - top 1000;Sim;GRUPO;https://chat.whatsapp.com/DmxglF40thWBUnTSAxgq9m?mode=ac_t
1173888746;KAM - top 1000;Sim;GRUPO;https://chat.whatsapp.com/KWqUZWZVI6WENZyd4UPWvi
1422595957;KAM - top 1000;Sim;GRUPO;https://chat.whatsapp.com/LFxnhypmd5BDGFgneCPrkE
317818364;KAM - top 1000;Sim;GRUPO;https://chat.whatsapp.com/KEXRU3sjoBu4782by95BnV?mode=ems_copy_t&fbclid=PAZXh0bgNhZW0CMTEAAac-KlcpOQh3hzjdv1x4nvOUF-xFyzIQKhsGzt-QhX8wbDiVaJhAeVEAVQmIZg_aem_Zr6vR6U3XCD4umFwb3g24A
196205822;KAM - top 1000;Sim;GRUPO;https://chat.whatsapp.com/CmXGTqAJ36ECTWdfZ8UCvw?mode=ems_copy_c
232876240;KAM - top 1000;Sim;GRUPO;https://chat.whatsapp.com/Jh4CMpwI1DICBm3GIhBp87
1434017443;KAM - top 1000;Sim;GRUPO;https://chat.whatsapp.com/Et7TUni8qau1CB1v63QDTk
1494770433;KAM - top 1000;Sim;GRUPO;https://chat.whatsapp.com/Bye3jMn7cOa7YkeymQIZIC?mode=wwt
1478707361;KAM - top 1000;Sim;GRUPO;https://chat.whatsapp.com/GANhutgr55J95N65Xb6Lk3
1463526269;KAM - top 1000;Sim;GRUPO;https://chat.whatsapp.com/EfbYI7XUWZA1KcK89zgygE?mode=ems_copy_t
1531640488;KAM - top 1000;Sim;GRUPO;https://chat.whatsapp.com/L8KIweGu5u7KTq2Yd1CP6O
1438016577;KAM - top 1000;Sim;GRUPO;https://chat.whatsapp.com/HpdHCiW51yLDcEuKsdUrW7
1438016577;KAM - top 1000;Sim;GRUPO;https://chat.whatsapp.com/GWnH6KcVgTg1T35IJnGko8
1438016577;KAM - top 1000;Sim;GRUPO;https://chat.whatsapp.com/KN7YtIQ1AeJKy8lZx1xFSU
1438016577;KAM - top 1000;Sim;GRUPO;https://chat.whatsapp.com/CUVn2Db96F90vjWWWHouNJ
1438016577;KAM - top 1000;Sim;GRUPO;https://chat.whatsapp.com/ELd5ipGU0HnGR2nsuZzCOw
1485217446;KAM - top 1000;Sim;GRUPO;https://chat.whatsapp.com/8cao38VPYLDBKLMqOPjoA0
2221972417;KAM - top 1000;Sim;GRUPO;https://chat.whatsapp.com/ESRK7K8eTez9n4tsWi8Ca3?mode=wwc
103699751;KAM - top 1000;Sim;GRUPO;https://chat.whatsapp.com/KUZStrTHW8n6ITKXFfcCeL
340577258;KAM - top 1000;Sim;GRUPO;https://chat.whatsapp.com/Kj9hC3NiBT77LkygW7nPiX
92792646;KAM - top 1000;Sim;GRUPO;https://chat.whatsapp.com/Hi4wsoxm8oyDgk09a0zpEW?mode=wwc
1391252882;KAM - top 1000;Sim;GRUPO;https://chat.whatsapp.com/Ej9Le27nnVJFwMi7HsDgkt
1453179131;KAM - top 1000;Sim;GRUPO;https://chat.whatsapp.com/IXDPw6OgqN9KscX2V1d5M6
1453179131;KAM - top 1000;Sim;GRUPO;https://chat.whatsapp.com/Ajf4V1uBSB24N33Odocm9t
1462250546;KAM - top 1000;Sim;GRUPO;https://chat.whatsapp.com/C66THFmOr0eLheskj0llLl
2428615837;KAM - top 1000;Sim;GRUPO;https://chat.whatsapp.com/B7uIXxna6lhJNEGNYLoiXb
1428402957;KAM - top 1000;Sim;GRUPO;https://chat.whatsapp.com/Itr0HHBK6I7Gwt1oJ7FyUy?mode=wwc
1439548649;KAM - top 1000;Sim;GRUPO;https://chat.whatsapp.com/J2sN803vT9cCnfPNtWYmhM
1799164964;KAM - top 1000;Sim;GRUPO;https://chat.whatsapp.com/FhGAAsVS7LDIUWw6lvxzut?mode=wwt
94733098;KAM - top 1000;Sim;GRUPO;https://chat.whatsapp.com/IR0gCURtqgZAJGne6meFbh
1334764746;KAM - top 1000;Sim;GRUPO;https://chat.whatsapp.com/EuscaPvDB4t2rTAC1gSG05
2057503925;KAM - top 1000;Sim;GRUPO;https://chat.whatsapp.com/HdeizfsVqa09p5ffxHbCd2?fbclid=PAZXh0bgNhZW0CMTEAAaeL26lXQIxBZmLIkD3IT1DEJDKF321rxbusS5JGo-8UaQZ4ww5C_OccsS4kJg_aem_I8ujeNXgwIL7sxU-kq_67Q
1813105314;KAM - top 1000;Sim;GRUPO;https://chat.whatsapp.com/I2pwRlEyELsABpZagjFeXF
1440823950;KAM - top 1000;Sim;GRUPO;https://chat.whatsapp.com/FZrN7heaxV2An8cVqgxtkO?fbclid=PAZXh0bgNhZW0CMTEAAaflgn2gOCTXCcEHH4_tQL7lMMckMzhuM5FPOf14CAQR0eTGTYOd0Zta-OnVcA_aem_Hwdvk-eCNwmrFMGybRresw
136551174;KAM - top 1000;Sim;GRUPO;https://chat.whatsapp.com/KTmWGkMPgymIZSlUxvK2D3
47190880;KAM - top 1000;Sim;GRUPO;https://chat.whatsapp.com/IglXEIKL0X6Fco4ika2iz5
600049604;KAM - top 1000;Sim;GRUPO;https://chat.whatsapp.com/IiCMiBV6jR5HbYdFh1fAp1
181507452;KAM - top 1000;Sim;GRUPO;https://chat.whatsapp.com/K4c5fmtzSXG1qKxnBs3fs2
1381379875;KAM - top 1000;Sim;GRUPO;https://chat.whatsapp.com/FOa4DMXBtaG4V8sW20W3rF?fbclid=PAZXh0bgNhZW0CMTEAAadYP5gD-wS1LVkZeqRcfilLz4BYoc7GWjqbixIeCLWRfEh8vpqeKnCf5HRKYw_aem_6WcsIijg5QgGi-vHwnPhOA
565785079;KAM - top 1000;Sim;GRUPO;https://chat.whatsapp.com/EY60g2bvKUQ3vTw7m8p51y
105244951;KAM - top 1000;Sim;GRUPO;https://chat.whatsapp.com/G8aLNHaHaOHAtAi6oBoEbx
1045329161;KAM - top 1000;Sim;GRUPO;https://chat.whatsapp.com/ByQVh3GaWwmCdBF6hfDY8B?mode=wwc&fbclid=PAZXh0bgNhZW0CMTEAAacaye7vT7DoZD_zxBnsKQlHEvJfpcdW8W0ev1Ql6wzEWZVYbQtPa6OkIuCyWQ_aem_ZkYshf_dOnd2JtvSs0Nk4Q
768924215;KAM - top 1000;Sim;GRUPO;https://chat.whatsapp.com/J1D6HRAuIx62u62O3QWn8e
659377853;KAM - top 1000;Sim;GRUPO;https://chat.whatsapp.com/Frx0bqhRtxb9gDELL5tS1T
1342859483;KAM - ouro;Sim;GRUPO;chat.whatsapp.com/Hu4umc9Zzf0J0t6jDXcSB6
1422846329;KAM - ouro;Sim;GRUPO;https://chat.whatsapp.com/CvGrRLZxihcIkTpD3CTnzg
1286635153;KAM - ouro;Sim;GRUPO;https://chat.whatsapp.com/KC9Vir5WsK90eurfEpIFbA?fbclid=PAT01DUAOMYXRleHRuA2FlbQIxMABzcnRjBmFwcF9pZA81NjcwNjczNDMzNTI0MjcAAadVc-watOm3Z0uxaRXxdj-IhgyNmnR3agvq-wdvSXAw-NB1H6iLUfyTyk5tkg_aem_K0r-ls75CaSoNcw9lSP91A
1445776663;KAM - ouro;Sim;GRUPO;https://chat.whatsapp.com/ESRYSAvRLNUIACRaD6DTSo
1211756872;KAM - ouro;Sim;GRUPO;https://chat.whatsapp.com/HdB9WcW2Ivu0cIpMrk43B8
593029712;KAM - top 1000;Sim;GRUPO;https://chat.whatsapp.com/C6h351H4WVzH0Q4ry4CYFn
1454842874;KAM - top 1000;Sim;GRUPO;https://chat.whatsapp.com/GmQ3WUKigH7BYYggnWtHUr
488851324;KAM - ouro;Sim;GRUPO;https://chat.whatsapp.com/LIgGrv7UFzIHU7j7ctYGvt
199199140;KAM - ouro;Sim;GRUPO;https://chat.whatsapp.com/DYO3GUfjbNi6ZLlYEBc0hG
1245410086;KAM - ouro;Sim;GRUPO;https://chat.whatsapp.com/JC3EsVz3c8MDHxuVt3GPU7
1369622787;KAM - top 1000;Sim;GRUPO;https://chat.whatsapp.com/IDhYoLEzlw1Bs9NocQQB4u
229837054;KAM - top 1000;Sim;GRUPO;https://chat.whatsapp.com/D6eBFtbGbNW382vxea0zio
1536298884;KAM - top 1000;Sim;GRUPO;https://chat.whatsapp.com/HWIR8cXLwCf4MelCkHpGz3
690775790;KAM - top 1000;Sim;GRUPO;https://chat.whatsapp.com/EjovDaMbPZQDVCaNhnU3WC?mode=ems_copy_t&fbclid=PAZXh0bgNhZW0CMTEAAafQEZ1vNnvu6fQojNL2XbzG4MAa62PGgh6cms9Jv9F698cBT-71Na6LZINW_g_aem_wqFxjDTQoeWLoWKirRqGPg
521028663;KAM - top 1000;Sim;GRUPO;https://chat.whatsapp.com/JHaBQhjiioN4q54FVbHTv0
490589317;KAM - top 1000;Sim;GRUPO;https://chat.whatsapp.com/BphOj310T5a9h7yZ3I9a8l
2018031282;KAM - top 1000;Sim;GRUPO;https://chat.whatsapp.com/Ia4ivP80m2KE4cfu9BiMGy
1485911737;KAM - top 1000;Sim;GRUPO;https://chat.whatsapp.com/IyJYqH1gXxAJ3IDAd6GBrf
257830843;KAM - top 1000;Sim;GRUPO;https://chat.whatsapp.com/LGcaf2hLrGTA4xmoOKbScu?fbclid=PAZXh0bgNhZW0CMTEAAadKbAjrvtlt93Z1vU8QqLZ7y55BzKHdOZcK8M9InBjmI9234jyRwnhBOLysRg_aem_O91CVD30ELOHuxLipW0DSw
1062207010;KAM - top 1000;Sim;GRUPO;https://chat.whatsapp.com/K6fDMEvCuIpCjwGRpMsxIV
261766502;KAM - top 1000;Sim;GRUPO;https://chat.whatsapp.com/HRKF83AP2LsI3SyVcByb8t?mode=wwc&fbclid=PAZXh0bgNhZW0CMTEAAaeBf52vBJhb_3lOCokfBKX108CQiTDGlB0Wj7nLvsMGQJO9Fy3uqdAV_tyVUQ_aem_AqLOq9yfZf-6T3dDqQpfGg
165088662;KAM - top 1000;Sim;GRUPO;https://chat.whatsapp.com/KsFIKs4bknu8bVy0xEQQq0
1000721580;KAM - top 1000;Sim;GRUPO;https://chat.whatsapp.com/Evbu0eA6aGDGIustairn0X?mode=ems_copy_t
508791975;KAM - top 1000;Sim;GRUPO;https://chat.whatsapp.com/I082dejhGUl6Hii1TUdzN2
420553279;KAM - top 1000;Sim;GRUPO;https://chat.whatsapp.com/HBhNHpzpK6UH5Ocn99n1kW?fbclid=PAZXh0bgNhZW0CMTEAAacHHwy7lFR3bJC4RckCfexIMyW7UwLKFnKvp7zdbfp4kB6Jd1f1CHhIE1M70w_aem_uG_P-6HRoQrx1v9n38Wemg
1493086612;KAM - top 1000;Sim;GRUPO;https://chat.whatsapp.com/FlP2dqy76C3HDxui5Q4zr9?fbclid=PAZXh0bgNhZW0CMTEAAaceyofGitqyXJs8knpO6XaciB8y5-fwjRIIHqdx_zAlKPn2c5Ac5UhfCPHZuQ_aem_pHPIiGS1YumNyYKZt3WBJw
234543184;MElIpro;Sim;GRUPO;https://chat.whatsapp.com/BwyasSWoGlE3037b6iL50B?fbclid=PAZXh0bgNhZW0CMTEAAafdLQOEZckrYM4LdjbUtiHw6R8SACDYq5RfbNHHcb8jeBTZIViE1ZA2moX3eA_aem_3zvWNyZpM9siEYg4HyUK6g
2074482467;MElIpro;Sim;GRUPO;https://chat.whatsapp.com/LJFpLm3sYXk2rQo3xyicaW
1455578640;MElIpro;Sim;GRUPO;https://chat.whatsapp.com/C01isq9mnR221IfcANxzjs
1396932291;MElIpro;Sim;GRUPO;https://chat.whatsapp.com/Lb2QR1yZDzG6rQMbFnafuf?fbclid=PAZXh0bgNhZW0CMTEAAacXELHa_JcuOK8ZTekeXQpMHetuO-Tg5zzzRTZMSWQRrIi2pCgWTxnfzZ5_kg_aem_oEOz5xo5XB3v3Ho_1jiWyg
1434769455;MElIpro;Sim;GRUPO;https://chat.whatsapp.com/Jyv4N0Jc1ILLkveNMpZ81i
1380412961;MElIpro;Sim;GRUPO;https://chat.whatsapp.com/FhPGelmE7MtBcyypvWBElL
56815198;MElIpro;Sim;GRUPO;https://chat.whatsapp.com/JJc73JmdCbXKIoj6WrjfwP?fbclid=PAZXh0bgNhZW0CMTEAAaeBGoRrrMnU2OoonBd_2dGoN0GbJhEbwzb5oSjjqtroYoGqS88FcWf4yuYGJw_aem_ivOuZ4DqKCqC_OZrst2-RA
61249096;MElIpro;Sim;GRUPO;https://chat.whatsapp.com/LCQhtszftoPKeLJBtgc363?fbclid=PAZXh0bgNhZW0CMTEAAadgwAmqiZr2wGoSL7doa6wcTtHPlcHEJFDWIRbqx20jHI7VQg5B4thEXhL2Qw_aem_k1LF_AIe_LEFw0YeFOHsUg
594475926;MElIpro;Sim;GRUPO;https://chat.whatsapp.com/EuPOVBxriny1fYPaTfWKkW
62381440;MElIpro;Sim;GRUPO;https://chat.whatsapp.com/HE0qDdyC4woF3ZDPTQ6fQd?fbclid=PAZXh0bgNhZW0CMTEAAadH4Ahx_sAi7erue56Wv4WojpNl2PsA5JXRRyWNH99SwHXzfnLl2gm4sGuyHA_aem_6EUJ1nULHcvem9oNRbiiVA
264616806;MElIpro;Sim;GRUPO;https://chat.whatsapp.com/Gz4jmOCoP7FIKn3LrDvMzd
606319384;MElIpro;Sim;GRUPO;https://chat.whatsapp.com/F7NJkwakRiNHYCvqm99YP7
636693914;MElIpro;Sim;GRUPO;https://chat.whatsapp.com/JY4qQRWdVEVCSDRNHSxYTH?fbclid=PAZXh0bgNhZW0CMTEAAaeg0l0X6hlocE3UMuo-a6EOZtou2YASbTbuihkhELjQZDvNAchpyvbbuZ95Uw_aem_7Guu2J9CoNct-achcfUZmQ
1096521350;MElIpro;Sim;GRUPO;https://chat.whatsapp.com/H0tkGH3KzjGAG7zsR42QxZ?utm_medium=social&utm_source=linktree&utm_campaign=entrar+no+grupo+do+whatsapp+
1080122761;MElIpro;Sim;GRUPO;https://chat.whatsapp.com/Gu55Qpt3baS0ETcRirO33M
1106563292;MElIpro;Sim;GRUPO;https://chat.whatsapp.com/Kgw6HiTuPAeDDfIsotIrln
660319086;MElIpro;Sim;GRUPO;https://chat.whatsapp.com/EwSp5TKoMts50ZkgHfnZGj?mode=ems_copy_t&fbclid=PAZXh0bgNhZW0CMTEAAacEFFSNpDVTmomu2ufBvn7McSQDHriXmxWriZq6e1GBo0bJC6DdIbUVf_zNtQ_aem__s8a4QccAJk0iMopfsiI2A
120188822;MElIpro;Sim;GRUPO;https://chat.whatsapp.com/EGDd0zrJRdQ1ECKBbuMH1k
6876244;MElIpro;Sim;GRUPO;https://chat.whatsapp.com/B79euMqi7BE6hd6NeTv39z?mode=ac_c&fbclid=PAZXh0bgNhZW0CMTEAAafFyZCK1ozcN_U_ncc0UyCKvdZiGYWEAQB7f9loSUIO3ZaErIzv1gAq7Iz6Tg_aem_DtONkED5R0Xh8P469XNhEw
788763894;MElIpro;Sim;GRUPO;https://chat.whatsapp.com/J35VKuP8EOLFtZaq2Hu2it?fbclid=PAZXh0bgNhZW0CMTEAAac1DEub0kufl5CnzTfhWxGfhywYwtK4yAdhWoN_gyKfcNytXU5EFC1uVxkdvw_aem_mb0Wss1twKAEcCihC5X0gA
751415749;MElIpro;Sim;GRUPO;https://chat.whatsapp.com/I52E8CM6aBsCYPQwIsYinG
238910194;MElIpro;Sim;GRUPO;https://chat.whatsapp.com/GX6IkzB25v9KhlckTltA7f
;;;;
;;;;
;;;;
;;;;
;;;;
;;;;
;;;;
